softID,hardID,geom_i,geom_j,G-APD,V_op,crate,board,patch,CHID,pos_X,pos_Y
0,1036,0,0,957,70.59,1,0,3,393,0,0.5
1,1033,0,1,997,70622,1,0,3,390,0,-0.5
2,1034,-1,0,1087,70.59,1,0,3,391,-0.87,0
3,1037,-1,-1,844,70.59,1,0,3,394,-0.87,1
4,3020,0,-1,769,70592,3,0,2,1098,0,1.5
5,1038,1,-1,923,70.59,1,0,3,395,0.87,1
6,1035,1,0,977,70.59,1,0,3,392,0.87,0
7,1032,1,1,1107,70622,1,0,3,389,0.87,-1
8,1030,0,2,915,70622,1,0,3,387,0,-1.5
9,1031,-1,1,777,70622,1,0,3,388,-0.87,-1
10,1028,-2,1,906,70707,1,0,2,386,-1.73,-0.5
11,2732,-2,0,1090,70677,2,7,3,1001,-1.73,0.5
12,2735,-2,-1,1200,70688,2,7,3,1004,-1.73,1.5
13,3021,-1,-2,1338,70592,3,0,2,1099,-0.87,2
14,3023,0,-2,794,70592,3,0,2,1101,0,2.5
15,3022,1,-2,985,70592,3,0,2,1100,0.87,2
16,3034,2,-1,898,70.62,3,0,3,1111,1.73,1.5
17,3031,2,0,900,70.62,3,0,3,1108,1.73,0.5
18,737,2,1,465,70794,0,7,3,286,1.73,-0.5
19,734,2,2,513,70794,0,7,3,283,1.73,-1.5
20,1018,1,2,1193,70764,1,0,1,377,0.87,-2
21,1016,0,3,466,70764,1,0,1,375,0,-2.5
22,1017,-1,2,1177,70764,1,0,1,376,-0.87,-2
23,1025,-2,2,530,70707,1,0,2,383,-1.73,-1.5
24,1026,-3,1,1085,70707,1,0,2,384,-2.6,-1
25,2730,-3,0,802,70677,2,7,3,999,-2.6,0
26,2733,-3,-1,916,70677,2,7,3,1002,-2.6,1
27,2736,-3,-2,954,70688,2,7,3,1005,-2.6,2
28,2738,-2,-2,932,70688,2,7,3,1007,-1.73,2.5
29,3024,-1,-3,1088,70574,3,0,2,1102,-0.87,3
30,3026,0,-3,907,70574,3,0,2,1104,0,3.5
31,3025,1,-3,778,70574,3,0,2,1103,0.87,3
32,3037,2,-2,1089,70.62,3,0,3,1114,1.73,2.5
33,3036,3,-2,561,70.62,3,0,3,1113,2.6,2
34,3033,3,-1,940,70.62,3,0,3,1110,2.6,1
35,3030,3,0,929,70.62,3,0,3,1107,2.6,0
36,736,3,1,563,70794,0,7,3,285,2.6,-1
37,733,3,2,1197,70721,0,7,3,282,2.6,-2
38,731,2,3,899,70721,0,7,3,280,1.73,-2.5
39,1015,1,3,1195,70764,1,0,1,374,0.87,-3
40,1013,0,4,159,70735,1,0,1,372,0,-3.5
41,1014,-1,3,157,70764,1,0,1,373,-0.87,-3
42,1022,-2,3,896,70763,1,0,2,380,-1.73,-2.5
43,1023,-3,2,911,70763,1,0,2,381,-2.6,-2
44,1024,-4,2,522,70707,1,0,2,382,-3.46,-1.5
45,1027,-4,1,556,70707,1,0,2,385,-3.46,-0.5
46,2731,-4,0,856,70677,2,7,3,1000,-3.46,0.5
47,2734,-4,-1,927,70688,2,7,3,1003,-3.46,1.5
48,2737,-4,-2,946,70688,2,7,3,1006,-3.46,2.5
49,2720,-3,-3,453,70879,2,7,2,990,-2.6,3
50,2722,-2,-3,883,70879,2,7,2,992,-1.73,3.5
51,3027,-1,-4,937,70574,3,0,2,1105,-0.87,4
52,3010,0,-4,1184,70819,3,0,1,1089,0,4.5
53,3028,1,-4,886,70574,3,0,2,1106,0.87,4
54,3111,2,-3,799,70754,3,1,1,1126,1.73,3.5
55,3110,3,-3,419,70754,3,1,1,1125,2.6,3
56,3038,4,-2,528,70.62,3,0,3,1115,3.46,2.5
57,3035,4,-1,878,70.62,3,0,3,1112,3.46,1.5
58,3032,4,0,986,70.62,3,0,3,1109,3.46,0.5
59,738,4,1,514,70794,0,7,3,287,3.46,-0.5
60,735,4,2,1198,70794,0,7,3,284,3.46,-1.5
61,732,4,3,842,70721,0,7,3,281,3.46,-2.5
62,730,3,3,922,70721,0,7,3,279,2.6,-3
63,727,2,4,1051,70872,0,7,2,277,1.73,-3.5
64,1012,1,4,314,70735,1,0,1,371,0.87,-4
65,1010,0,5,904,70735,1,0,1,369,0,-4.5
66,1011,-1,4,458,70735,1,0,1,370,-0.87,-4
67,1118,-2,4,1382,70873,1,1,1,413,-1.73,-3.5
68,1020,-3,3,307,70763,1,0,2,378,-2.6,-3
69,1021,-4,3,919,70763,1,0,2,379,-3.46,-2.5
70,1128,-5,2,797,70964,1,1,2,422,-4.33,-2
71,1132,-5,1,206,70864,1,1,3,425,-4.33,-1
72,1135,-5,0,1335,70.87,1,1,3,428,-4.33,0
73,1138,-5,-1,1394,70.87,1,1,3,431,-4.33,1
74,2712,-5,-2,310,70894,2,7,1,983,-4.33,2
75,2715,-5,-3,170,70904,2,7,1,986,-4.33,3
76,2721,-4,-3,494,70879,2,7,2,991,-3.46,3.5
77,2723,-3,-4,1082,70879,2,7,2,993,-2.6,4
78,2725,-2,-4,1093,70794,2,7,2,995,-1.73,4.5
79,3011,-1,-5,156,70819,3,0,1,1090,-0.87,5
80,3013,0,-5,1153,70819,3,0,1,1092,0,5.5
81,3012,1,-5,435,70819,3,0,1,1091,0.87,5
82,3114,2,-4,1158,70796,3,1,1,1129,1.73,4.5
83,3113,3,-4,941,70754,3,1,1,1128,2.6,4
84,3112,4,-3,901,70754,3,1,1,1127,3.46,3.5
85,3124,5,-3,443,70926,3,1,2,1138,4.33,3
86,3121,5,-2,942,70916,3,1,2,1135,4.33,2
87,3137,5,-1,1100,70808,3,1,3,1150,4.33,1
88,3134,5,0,925,70808,3,1,3,1147,4.33,0
89,3131,5,1,445,70852,3,1,3,1144,4.33,-1
90,707,5,2,331,70951,0,7,0,259,4.33,-2
91,704,5,3,1168,70951,0,7,0,256,4.33,-3
92,728,4,4,1157,70872,0,7,2,278,3.46,-3.5
93,726,3,4,909,70872,0,7,2,276,2.6,-4
94,724,2,5,791,70872,0,7,2,274,1.73,-4.5
95,1008,1,5,2283,70895,1,0,0,368,0.87,-5
96,1006,0,6,173,70895,1,0,0,366,0,-5.5
97,1007,-1,5,2301,70895,1,0,0,367,-0.87,-5
98,1115,-2,5,1189,70873,1,1,1,410,-1.73,-4.5
99,1116,-3,4,1343,70873,1,1,1,411,-2.6,-4
100,1117,-4,4,1345,70873,1,1,1,412,-3.46,-3.5
101,1125,-5,3,1143,70964,1,1,2,419,-4.33,-3
102,1126,-6,3,2285,70964,1,1,2,420,-5.2,-2.5
103,1130,-6,2,1104,70864,1,1,3,423,-5.2,-1.5
104,1133,-6,1,1091,70864,1,1,3,426,-5.2,-0.5
105,1136,-6,0,1392,70.87,1,1,3,429,-5.2,0.5
106,2710,-6,-1,491,70894,2,7,1,981,-5.2,1.5
107,2713,-6,-2,918,70894,2,7,1,984,-5.2,2.5
108,2716,-6,-3,356,70904,2,7,1,987,-5.2,3.5
109,2718,-5,-4,1388,70904,2,7,1,989,-4.33,4
110,2724,-4,-4,1110,70794,2,7,2,994,-3.46,4.5
111,2726,-3,-5,467,70794,2,7,2,996,-2.6,5
112,2728,-2,-5,1325,70794,2,7,2,998,-1.73,5.5
113,3014,-1,-6,1181,70818,3,0,1,1093,-0.87,6
114,3016,0,-6,1154,70818,3,0,1,1095,0,6.5
115,3015,1,-6,890,70818,3,0,1,1094,0.87,6
116,3117,2,-5,496,70796,3,1,1,1132,1.73,5.5
117,3116,3,-5,1188,70796,3,1,1,1131,2.6,5
118,3115,4,-4,1174,70796,3,1,1,1130,3.46,4.5
119,3127,5,-4,1167,70926,3,1,2,1141,4.33,4
120,3126,6,-3,775,70926,3,1,2,1140,5.2,3.5
121,3123,6,-2,2291,70916,3,1,2,1137,5.2,2.5
122,3120,6,-1,2294,70916,3,1,2,1134,5.2,1.5
123,3136,6,0,1092,70808,3,1,3,1149,5.2,0.5
124,3133,6,1,807,70852,3,1,3,1146,5.2,-0.5
125,3130,6,2,315,70852,3,1,3,1143,5.2,-1.5
126,706,6,3,2300,70951,0,7,0,258,5.2,-2.5
127,703,6,4,421,70948,0,7,0,255,5.2,-3.5
128,701,5,4,2296,70948,0,7,0,253,4.33,-4
129,725,4,5,902,70872,0,7,2,275,3.46,-4.5
130,723,3,5,483,70928,0,7,2,273,2.6,-5
131,721,2,6,210,70928,0,7,2,271,1.73,-5.5
132,1005,1,6,1037,70895,1,0,0,365,0.87,-6
133,1003,0,7,806,70907,1,0,0,363,0,-6.5
134,1004,-1,6,1170,70895,1,0,0,364,-0.87,-6
135,1112,-2,6,1286,70861,1,1,1,407,-1.73,-5.5
136,1113,-3,5,1332,70861,1,1,1,408,-2.6,-5
137,1114,-4,5,933,70873,1,1,1,409,-3.46,-4.5
138,1122,-5,4,2287,70907,1,1,2,416,-4.33,-4
139,1123,-6,4,306,70907,1,1,2,417,-5.2,-3.5
140,1124,-7,3,892,70964,1,1,2,418,-6.06,-3
141,1127,-7,2,334,70964,1,1,2,421,-6.06,-2
142,1131,-7,1,1333,70864,1,1,3,424,-6.06,-1
143,1134,-7,0,1185,70.87,1,1,3,427,-6.06,0
144,1137,-7,-1,1180,70.87,1,1,3,430,-6.06,1
145,2711,-7,-2,773,70894,2,7,1,982,-6.06,2
146,2714,-7,-3,166,70904,2,7,1,985,-6.06,3
147,2717,-7,-4,429,70904,2,7,1,988,-6.06,4
148,2700,-6,-4,798,70993,2,7,0,972,-5.2,4.5
149,2702,-5,-5,808,70993,2,7,0,974,-4.33,5
150,2727,-4,-5,1346,70794,2,7,2,997,-3.46,5.5
151,2830,-3,-6,2281,70926,2,8,3,1035,-2.6,6
152,2832,-2,-6,339,70926,2,8,3,1037,-1.73,6.5
153,3017,-1,-7,1159,70818,3,0,1,1096,-0.87,7
154,3000,0,-7,887,71054,3,0,0,1080,0,7.5
155,3018,1,-7,1192,70818,3,0,1,1097,0.87,7
156,3101,2,-6,789,70876,3,1,0,1117,1.73,6.5
157,3100,3,-6,1163,70876,3,1,0,1116,2.6,6
158,3118,4,-5,1086,70796,3,1,1,1133,3.46,5.5
159,3411,5,-5,1970,70921,3,4,1,1234,4.33,5
160,3410,6,-4,1958,70921,3,4,1,1233,5.2,4.5
161,3128,7,-4,179,70926,3,1,2,1142,6.06,4
162,3125,7,-3,497,70926,3,1,2,1139,6.06,3
163,3122,7,-2,2297,70916,3,1,2,1136,6.06,2
164,3138,7,-1,1103,70808,3,1,3,1151,6.06,1
165,3135,7,0,1081,70808,3,1,3,1148,6.06,0
166,3132,7,1,473,70852,3,1,3,1145,6.06,-1
167,708,7,2,781,70951,0,7,0,260,6.06,-2
168,705,7,3,2298,70951,0,7,0,257,6.06,-3
169,702,7,4,874,70948,0,7,0,254,6.06,-4
170,700,6,5,2295,70948,0,7,0,252,5.2,-4.5
171,717,5,5,782,71102,0,7,1,268,4.33,-5
172,722,4,6,456,70928,0,7,2,272,3.46,-5.5
173,720,3,6,1106,70928,0,7,2,270,2.6,-6
174,837,2,7,389,71042,0,8,3,322,1.73,-6.5
175,1002,1,7,1162,70907,1,0,0,362,0.87,-7
176,1000,0,8,934,70907,1,0,0,360,0,-7.5
177,1001,-1,7,2286,70907,1,0,0,361,-0.87,-7
178,1108,-2,7,871,71076,1,1,0,404,-1.73,-6.5
179,1110,-3,6,1190,70861,1,1,1,405,-2.6,-6
180,1111,-4,6,1186,70861,1,1,1,406,-3.46,-5.5
181,1418,-5,5,1342,71045,1,4,1,521,-4.33,-5
182,1120,-6,5,2299,70907,1,1,2,414,-5.2,-4.5
183,1121,-7,4,2284,70907,1,1,2,415,-6.06,-4
184,1408,-8,4,1212,71085,1,4,0,512,-6.93,-3.5
185,1432,-8,3,776,71003,1,4,3,533,-6.93,-2.5
186,1435,-8,2,881,71057,1,4,3,536,-6.93,-1.5
187,1438,-8,1,353,71057,1,4,3,539,-6.93,-0.5
188,2522,-8,0,200,70956,2,5,2,920,-6.93,0.5
189,2525,-8,-1,176,71083,2,5,2,923,-6.93,1.5
190,2528,-8,-2,1640,71083,2,5,2,926,-6.93,2.5
191,2512,-8,-3,1611,71023,2,5,1,911,-6.93,3.5
192,2515,-8,-4,616,71072,2,5,1,914,-6.93,4.5
193,2701,-7,-5,1171,70993,2,7,0,973,-6.06,5
194,2703,-6,-5,1169,70993,2,7,0,975,-5.2,5.5
195,2705,-5,-6,2282,70985,2,7,0,977,-4.33,6
196,2831,-4,-6,199,70926,2,8,3,1036,-3.46,6.5
197,2833,-3,-7,345,70926,2,8,3,1038,-2.6,7
198,2835,-2,-7,884,70962,2,8,3,1040,-1.73,7.5
199,3001,-1,-8,416,71054,3,0,0,1081,-0.87,8
200,3003,0,-8,1031,71054,3,0,0,1083,0,8.5
201,3002,1,-8,768,71054,3,0,0,1082,0.87,8
202,3104,2,-7,434,70857,3,1,0,1120,1.73,7.5
203,3103,3,-7,1954,70876,3,1,0,1119,2.6,7
204,3102,4,-6,1973,70876,3,1,0,1118,3.46,6.5
205,3414,5,-6,1638,70936,3,4,1,1237,4.33,6
206,3413,6,-5,1628,70921,3,4,1,1236,5.2,5.5
207,3412,7,-5,2302,70921,3,4,1,1235,6.06,5
208,3404,8,-4,827,71037,3,4,0,1228,6.93,4.5
209,3401,8,-3,449,71018,3,4,0,1225,6.93,3.5
210,3437,8,-2,804,70957,3,4,3,1258,6.93,2.5
211,3434,8,-1,422,70957,3,4,3,1255,6.93,1.5
212,3431,8,0,1029,71,3,4,3,1252,6.93,0.5
213,527,8,1,772,71.06,0,5,2,205,6.93,-0.5
214,524,8,2,872,71.06,0,5,2,202,6.93,-1.5
215,521,8,3,834,71077,0,5,2,199,6.93,-2.5
216,517,8,4,1331,71283,0,5,1,196,6.93,-3.5
217,514,8,5,1247,71283,0,5,1,193,6.93,-4.5
218,718,7,5,814,71102,0,7,1,269,6.06,-5
219,716,6,6,1726,71102,0,7,1,267,5.2,-5.5
220,714,5,6,1289,71102,0,7,1,265,4.33,-6
221,838,4,7,1963,71042,0,8,3,323,3.46,-6.5
222,836,3,7,1269,71042,0,8,3,321,2.6,-7
223,834,2,8,146,71042,0,8,3,319,1.73,-7.5
224,938,1,8,1681,71202,0,9,3,359,0.87,-8
225,936,0,9,1217,71202,0,9,3,357,0,-8.5
226,937,-1,8,1341,71202,0,9,3,358,-0.87,-8
227,1105,-2,8,822,71076,1,1,0,401,-1.73,-7.5
228,1106,-3,7,1021,71076,1,1,0,402,-2.6,-7
229,1107,-4,7,354,71076,1,1,0,403,-3.46,-6.5
230,1415,-5,6,1391,71045,1,4,1,518,-4.33,-6
231,1416,-6,6,1317,71045,1,4,1,519,-5.2,-5.5
232,1417,-7,5,1285,71045,1,4,1,520,-6.06,-5
233,1405,-8,5,1965,71085,1,4,0,509,-6.93,-4.5
234,1406,-9,4,1729,71085,1,4,0,510,-7.79,-4
235,1430,-9,3,803,71003,1,4,3,531,-7.79,-3
236,1433,-9,2,885,71003,1,4,3,534,-7.79,-2
237,1436,-9,1,869,71057,1,4,3,537,-7.79,-1
238,2520,-9,0,829,70956,2,5,2,918,-7.79,0
239,2523,-9,-1,858,70956,2,5,2,921,-7.79,1
240,2526,-9,-2,208,71083,2,5,2,924,-7.79,2
241,2510,-9,-3,649,71023,2,5,1,909,-7.79,3
242,2513,-9,-4,1631,71023,2,5,1,912,-7.79,4
243,2516,-9,-5,859,71072,2,5,1,915,-7.79,5
244,2518,-8,-5,1324,71072,2,5,1,917,-6.93,5.5
245,2704,-7,-6,1385,70985,2,7,0,976,-6.06,6
246,2706,-6,-6,800,70985,2,7,0,978,-5.2,6.5
247,2708,-5,-7,303,70985,2,7,0,980,-4.33,7
248,2834,-4,-7,876,70962,2,8,3,1039,-3.46,7.5
249,2836,-3,-8,1135,70962,2,8,3,1041,-2.6,8
250,2838,-2,-8,1161,70962,2,8,3,1043,-1.73,8.5
251,3004,-1,-9,1334,71012,3,0,0,1084,-0.87,9
252,3006,0,-9,1618,71012,3,0,0,1086,0,9.5
253,3005,1,-9,1369,71012,3,0,0,1085,0.87,9
254,3107,2,-8,493,70857,3,1,0,1123,1.73,8.5
255,3106,3,-8,1032,70857,3,1,0,1122,2.6,8
256,3105,4,-7,788,70857,3,1,0,1121,3.46,7.5
257,3417,5,-7,180,70936,3,4,1,1240,4.33,7
258,3416,6,-6,1642,70936,3,4,1,1239,5.2,6.5
259,3415,7,-6,1639,70936,3,4,1,1238,6.06,6
260,3407,8,-5,982,71037,3,4,0,1231,6.93,5.5
261,3406,9,-5,877,71037,3,4,0,1230,7.79,5
262,3403,9,-4,1259,71018,3,4,0,1227,7.79,4
263,3400,9,-3,1641,71018,3,4,0,1224,7.79,3
264,3436,9,-2,857,70957,3,4,3,1257,7.79,2
265,3433,9,-1,350,71,3,4,3,1254,7.79,1
266,3430,9,0,340,71,3,4,3,1251,7.79,0
267,526,9,1,150,71.06,0,5,2,204,7.79,-1
268,523,9,2,873,71077,0,5,2,201,7.79,-2
269,520,9,3,780,71077,0,5,2,198,7.79,-3
270,516,9,4,425,71283,0,5,1,195,7.79,-4
271,513,9,5,605,71162,0,5,1,192,7.79,-5
272,511,8,6,439,71162,0,5,1,190,6.93,-5.5
273,715,7,6,1720,71102,0,7,1,266,6.06,-6
274,713,6,7,1038,71113,0,7,1,264,5.2,-6.5
275,711,5,7,831,71113,0,7,1,262,4.33,-7
276,835,4,8,304,71042,0,8,3,320,3.46,-7.5
277,833,3,8,1267,70974,0,8,3,318,2.6,-8
278,831,2,9,420,70974,0,8,3,316,1.73,-8.5
279,935,1,9,974,71202,0,9,3,356,0.87,-9
280,933,0,10,624,71178,0,9,3,354,0,-9.5
281,934,-1,9,667,71202,0,9,3,355,-0.87,-9
282,1102,-2,9,1684,71094,1,1,0,398,-1.73,-8.5
283,1103,-3,8,364,71094,1,1,0,399,-2.6,-8
284,1104,-4,8,641,71076,1,1,0,400,-3.46,-7.5
285,1412,-5,7,711,71052,1,4,1,515,-4.33,-7
286,1413,-6,7,1133,71052,1,4,1,516,-5.2,-6.5
287,1414,-7,6,346,71045,1,4,1,517,-6.06,-6
288,1402,-8,6,1359,71103,1,4,0,506,-6.93,-5.5
289,1403,-9,5,1718,71103,1,4,0,507,-7.79,-5
290,1404,-10,5,1957,71085,1,4,0,508,-8.66,-4.5
291,1407,-10,4,744,71085,1,4,0,511,-8.66,-3.5
292,1431,-10,3,1309,71003,1,4,3,532,-8.66,-2.5
293,1434,-10,2,338,71057,1,4,3,535,-8.66,-1.5
294,1437,-10,1,197,71057,1,4,3,538,-8.66,-0.5
295,2521,-10,0,1127,70956,2,5,2,919,-8.66,0.5
296,2524,-10,-1,172,71083,2,5,2,922,-8.66,1.5
297,2527,-10,-2,355,71083,2,5,2,925,-8.66,2.5
298,2511,-10,-3,1378,71023,2,5,1,910,-8.66,3.5
299,2514,-10,-4,441,71072,2,5,1,913,-8.66,4.5
300,2517,-10,-5,1321,71072,2,5,1,916,-8.66,5.5
301,2500,-9,-6,1964,71145,2,5,0,900,-7.79,6
302,2502,-8,-6,1980,71145,2,5,0,902,-6.93,6.5
303,2707,-7,-7,301,70985,2,7,0,979,-6.06,7
304,2630,-6,-7,397,71119,2,6,3,963,-5.2,7.5
305,2632,-5,-8,373,71119,2,6,3,965,-4.33,8
306,2837,-4,-8,1156,70962,2,8,3,1042,-3.46,8.5
307,2820,-3,-9,343,71159,2,8,2,1026,-2.6,9
308,2822,-2,-9,594,71159,2,8,2,1028,-1.73,9.5
309,3007,-1,-10,337,71012,3,0,0,1087,-0.87,10
310,2930,0,-10,1329,71185,2,9,3,1071,0,10.5
311,3008,1,-10,433,71012,3,0,0,1088,0.87,10
312,3231,2,-9,693,71.14,3,2,3,1180,1.73,9.5
313,3230,3,-9,344,71.14,3,2,3,1179,2.6,9
314,3108,4,-8,796,70857,3,1,0,1124,3.46,8.5
315,3331,5,-8,657,71147,3,3,3,1216,4.33,8
316,3330,6,-7,643,71147,3,3,3,1215,5.2,7.5
317,3418,7,-7,430,70936,3,4,1,1241,6.06,7
318,3531,8,-6,759,71081,3,5,3,1288,6.93,6.5
319,3530,9,-6,676,71081,3,5,3,1287,7.79,6
320,3408,10,-5,1960,71037,3,4,0,1232,8.66,5.5
321,3405,10,-4,870,71037,3,4,0,1229,8.66,4.5
322,3402,10,-3,659,71018,3,4,0,1226,8.66,3.5
323,3438,10,-2,1287,70957,3,4,3,1259,8.66,2.5
324,3435,10,-1,450,70957,3,4,3,1256,8.66,1.5
325,3432,10,0,1961,71,3,4,3,1253,8.66,0.5
326,528,10,1,861,71.06,0,5,2,206,8.66,-0.5
327,525,10,2,1649,71.06,0,5,2,203,8.66,-1.5
328,522,10,3,839,71077,0,5,2,200,8.66,-2.5
329,518,10,4,143,71283,0,5,1,197,8.66,-3.5
330,515,10,5,1735,71283,0,5,1,194,8.66,-4.5
331,512,10,6,444,71162,0,5,1,191,8.66,-5.5
332,510,9,6,436,71162,0,5,1,189,7.79,-6
333,507,8,7,335,71204,0,5,0,187,6.93,-6.5
334,712,7,7,865,71113,0,7,1,263,6.06,-7
335,710,6,8,511,71113,0,7,1,261,5.2,-7.5
336,637,5,8,830,71149,0,6,3,250,4.33,-8
337,832,4,9,760,70974,0,8,3,317,3.46,-8.5
338,830,3,9,1022,70974,0,8,3,315,2.6,-9
339,827,2,10,728,71137,0,8,2,313,1.73,-9.5
340,932,1,10,1376,71178,0,9,3,353,0.87,-10
341,930,0,11,1229,71178,0,9,3,351,0,-10.5
342,931,-1,10,608,71178,0,9,3,352,-0.87,-10
343,1238,-2,10,1992,71117,1,2,3,467,-1.73,-9.5
344,1100,-3,9,381,71094,1,1,0,396,-2.6,-9
345,1101,-4,9,431,71094,1,1,0,397,-3.46,-8.5
346,1338,-5,8,1002,71145,1,3,3,503,-4.33,-8
347,1410,-6,8,825,71052,1,4,1,513,-5.2,-7.5
348,1411,-7,7,1632,71052,1,4,1,514,-6.06,-7
349,1538,-8,7,613,71202,1,5,3,575,-6.93,-6.5
350,1400,-9,6,1278,71103,1,4,0,504,-7.79,-6
351,1401,-10,6,351,71103,1,4,0,505,-8.66,-5.5
352,1638,-11,5,1897,71202,1,6,3,611,-9.53,-5
353,1422,-11,4,1280,71128,1,4,2,524,-9.53,-4
354,1425,-11,3,691,71131,1,4,2,527,-9.53,-3
355,1428,-11,2,1028,71131,1,4,2,530,-9.53,-2
356,2532,-11,1,683,71039,2,5,3,929,-9.53,-1
357,2535,-11,0,1336,71091,2,5,3,932,-9.53,0
358,2538,-11,-1,727,71091,2,5,3,935,-9.53,1
359,2322,-11,-2,1728,71198,2,3,2,848,-9.53,2
360,2325,-11,-3,793,71169,2,3,2,851,-9.53,3
361,2328,-11,-4,1367,71169,2,3,2,854,-9.53,4
362,2232,-11,-5,601,71207,2,2,3,821,-9.53,5
363,2235,-11,-6,1653,71213,2,2,3,824,-9.53,6
364,2501,-10,-6,1969,71145,2,5,0,901,-8.66,6.5
365,2503,-9,-7,654,71145,2,5,0,903,-7.79,7
366,2505,-8,-7,668,71112,2,5,0,905,-6.93,7.5
367,2631,-7,-8,168,71119,2,6,3,964,-6.06,8
368,2633,-6,-8,424,71119,2,6,3,966,-5.2,8.5
369,2635,-5,-9,696,71086,2,6,3,968,-4.33,9
370,2821,-4,-9,582,71159,2,8,2,1027,-3.46,9.5
371,2823,-3,-10,662,71159,2,8,2,1029,-2.6,10
372,2825,-2,-10,785,71164,2,8,2,1031,-1.73,10.5
373,2931,-1,-11,841,71185,2,9,3,1072,-0.87,11
374,2933,0,-11,1131,71185,2,9,3,1074,0,11.5
375,2932,1,-11,295,71185,2,9,3,1073,0.87,11
376,3234,2,-10,995,71138,3,2,3,1183,1.73,10.5
377,3233,3,-10,864,71.14,3,2,3,1182,2.6,10
378,3232,4,-9,828,71.14,3,2,3,1181,3.46,9.5
379,3334,5,-9,849,71144,3,3,3,1219,4.33,9
380,3333,6,-8,787,71147,3,3,3,1218,5.2,8.5
381,3332,7,-8,694,71147,3,3,3,1217,6.06,8
382,3534,8,-7,598,71104,3,5,3,1291,6.93,7.5
383,3533,9,-7,682,71081,3,5,3,1290,7.79,7
384,3532,10,-6,670,71081,3,5,3,1289,8.66,6.5
385,3634,11,-6,1050,71225,3,6,3,1327,9.53,6
386,3631,11,-5,1349,71098,3,6,3,1324,9.53,5
387,3427,11,-4,1991,71101,3,4,2,1249,9.53,4
388,3424,11,-3,695,71101,3,4,2,1246,9.53,3
389,3421,11,-2,1646,71202,3,4,2,1243,9.53,2
390,537,11,-1,1736,71149,0,5,3,214,9.53,1
391,534,11,0,1046,71149,0,5,3,211,9.53,0
392,531,11,1,771,71145,0,5,3,208,9.53,-1
393,337,11,2,609,71118,0,3,3,142,9.53,-2
394,334,11,3,169,71118,0,3,3,139,9.53,-3
395,331,11,4,673,71148,0,3,3,136,9.53,-4
396,237,11,5,1209,71131,0,2,3,106,9.53,-5
397,234,11,6,387,71131,0,2,3,103,9.53,-6
398,508,10,7,635,71204,0,5,0,188,8.66,-6.5
399,506,9,7,1984,71204,0,5,0,186,7.79,-7
400,504,8,8,1293,71204,0,5,0,184,6.93,-7.5
401,638,7,8,327,71149,0,6,3,251,6.06,-8
402,636,6,9,868,71149,0,6,3,249,5.2,-8.5
403,634,5,9,815,71149,0,6,3,247,4.33,-9
404,828,4,10,965,71137,0,8,2,314,3.46,-9.5
405,826,3,10,720,71137,0,8,2,312,2.6,-10
406,824,2,11,165,71137,0,8,2,310,1.73,-10.5
407,928,1,11,1654,71274,0,9,2,350,0.87,-11
408,926,0,12,1126,71274,0,9,2,348,0,-11.5
409,927,-1,11,1144,71274,0,9,2,349,-0.87,-11
410,1235,-2,11,628,71117,1,2,3,464,-1.73,-10.5
411,1236,-3,10,1270,71117,1,2,3,465,-2.6,-10
412,1237,-4,10,1953,71117,1,2,3,466,-3.46,-9.5
413,1335,-5,9,735,71145,1,3,3,500,-4.33,-9
414,1336,-6,9,1201,71145,1,3,3,501,-5.2,-8.5
415,1337,-7,8,801,71145,1,3,3,502,-6.06,-8
416,1535,-8,8,1377,71202,1,5,3,572,-6.93,-7.5
417,1536,-9,7,817,71202,1,5,3,573,-7.79,-7
418,1537,-10,7,1674,71202,1,5,3,574,-8.66,-6.5
419,1635,-11,6,1288,71202,1,6,3,608,-9.53,-6
420,1636,-12,6,1129,71202,1,6,3,609,-10.39,-5.5
421,1420,-12,5,1113,71128,1,4,2,522,-10.39,-4.5
422,1423,-12,4,244,71128,1,4,2,525,-10.39,-3.5
423,1426,-12,3,863,71131,1,4,2,528,-10.39,-2.5
424,2530,-12,2,1955,71039,2,5,3,927,-10.39,-1.5
425,2533,-12,1,850,71039,2,5,3,930,-10.39,-0.5
426,2536,-12,0,447,71091,2,5,3,933,-10.39,0.5
427,2320,-12,-1,1214,71198,2,3,2,846,-10.39,1.5
428,2323,-12,-2,411,71198,2,3,2,849,-10.39,2.5
429,2326,-12,-3,816,71169,2,3,2,852,-10.39,3.5
430,2230,-12,-4,689,71207,2,2,3,819,-10.39,4.5
431,2233,-12,-5,1147,71207,2,2,3,822,-10.39,5.5
432,2236,-12,-6,1738,71213,2,2,3,825,-10.39,6.5
433,2238,-11,-7,627,71213,2,2,3,827,-9.53,7
434,2504,-10,-7,660,71112,2,5,0,904,-8.66,7.5
435,2506,-9,-8,690,71112,2,5,0,906,-7.79,8
436,2508,-8,-8,1330,71112,2,5,0,908,-6.93,8.5
437,2634,-7,-9,675,71086,2,6,3,967,-6.06,9
438,2636,-6,-9,1213,71086,2,6,3,969,-5.2,9.5
439,2638,-5,-10,1621,71086,2,6,3,971,-4.33,10
440,2824,-4,-10,751,71164,2,8,2,1030,-3.46,10.5
441,2826,-3,-11,988,71164,2,8,2,1032,-2.6,11
442,2828,-2,-11,1951,71164,2,8,2,1034,-1.73,11.5
443,2934,-1,-12,448,71134,2,9,3,1075,-0.87,12
444,2936,0,-12,1667,71134,2,9,3,1077,0,12.5
445,2935,1,-12,1203,71134,2,9,3,1076,0.87,12
446,3237,2,-11,1344,71138,3,2,3,1186,1.73,11.5
447,3236,3,-11,1279,71138,3,2,3,1185,2.6,11
448,3235,4,-10,1211,71138,3,2,3,1184,3.46,10.5
449,3337,5,-10,1634,71144,3,3,3,1222,4.33,10
450,3336,6,-9,1290,71144,3,3,3,1221,5.2,9.5
451,3335,7,-9,1023,71144,3,3,3,1220,6.06,9
452,3537,8,-8,743,71104,3,5,3,1294,6.93,8.5
453,3536,9,-8,652,71104,3,5,3,1293,7.79,8
454,3535,10,-7,365,71104,3,5,3,1292,8.66,7.5
455,3637,11,-7,1116,71225,3,6,3,1330,9.53,7
456,3636,12,-6,765,71225,3,6,3,1329,10.39,6.5
457,3633,12,-5,1048,71098,3,6,3,1326,10.39,5.5
458,3630,12,-4,699,71098,3,6,3,1323,10.39,4.5
459,3426,12,-3,1360,71101,3,4,2,1248,10.39,3.5
460,3423,12,-2,646,71202,3,4,2,1245,10.39,2.5
461,3420,12,-1,1619,71202,3,4,2,1242,10.39,1.5
462,536,12,0,1609,71149,0,5,3,213,10.39,0.5
463,533,12,1,1026,71145,0,5,3,210,10.39,-0.5
464,530,12,2,752,71145,0,5,3,207,10.39,-1.5
465,336,12,3,557,71118,0,3,3,141,10.39,-2.5
466,333,12,4,129,71148,0,3,3,138,10.39,-3.5
467,330,12,5,1967,71148,0,3,3,135,10.39,-4.5
468,236,12,6,597,71131,0,2,3,105,10.39,-5.5
469,233,12,7,349,71107,0,2,3,102,10.39,-6.5
470,231,11,7,135,71107,0,2,3,100,9.53,-7
471,505,10,8,632,71204,0,5,0,185,8.66,-7.5
472,503,9,8,1275,71149,0,5,0,183,7.79,-8
473,501,8,9,1206,71149,0,5,0,181,6.93,-8.5
474,635,7,9,852,71149,0,6,3,248,6.06,-9
475,633,6,10,812,71171,0,6,3,246,5.2,-9.5
476,631,5,10,398,71171,0,6,3,244,4.33,-10
477,825,4,11,309,71137,0,8,2,311,3.46,-10.5
478,823,3,11,1224,71.22,0,8,2,309,2.6,-11
479,821,2,12,1612,71.22,0,8,2,307,1.73,-11.5
480,925,1,12,972,71274,0,9,2,347,0.87,-12
481,923,0,13,1225,71243,0,9,2,345,0,-12.5
482,924,-1,12,636,71274,0,9,2,346,-0.87,-12
483,1232,-2,12,195,71119,1,2,3,461,-1.73,-11.5
484,1233,-3,11,1202,71119,1,2,3,462,-2.6,-11
485,1234,-4,11,432,71117,1,2,3,463,-3.46,-10.5
486,1332,-5,10,357,71116,1,3,3,497,-4.33,-10
487,1333,-6,10,779,71116,1,3,3,498,-5.2,-9.5
488,1334,-7,9,1228,71145,1,3,3,499,-6.06,-9
489,1532,-8,9,1370,71145,1,5,3,569,-6.93,-8.5
490,1533,-9,8,1664,71145,1,5,3,570,-7.79,-8
491,1534,-10,8,1033,71202,1,5,3,571,-8.66,-7.5
492,1632,-11,7,606,71213,1,6,3,605,-9.53,-7
493,1633,-12,7,440,71213,1,6,3,606,-10.39,-6.5
494,1634,-13,6,1271,71202,1,6,3,607,-11.26,-6
495,1637,-13,5,1663,71202,1,6,3,610,-11.26,-5
496,1421,-13,4,1139,71128,1,4,2,523,-11.26,-4
497,1424,-13,3,590,71131,1,4,2,526,-11.26,-3
498,1427,-13,2,981,71131,1,4,2,529,-11.26,-2
499,2531,-13,1,1975,71039,2,5,3,928,-11.26,-1
500,2534,-13,0,1322,71091,2,5,3,931,-11.26,0
501,2537,-13,-1,684,71091,2,5,3,934,-11.26,1
502,2321,-13,-2,1268,71198,2,3,2,847,-11.26,2
503,2324,-13,-3,665,71169,2,3,2,850,-11.26,3
504,2327,-13,-4,819,71169,2,3,2,853,-11.26,4
505,2231,-13,-5,767,71207,2,2,3,820,-11.26,5
506,2234,-13,-6,1230,71213,2,2,3,823,-11.26,6
507,2237,-13,-7,299,71213,2,2,3,826,-11.26,7
508,2220,-12,-7,2303,71271,2,2,2,810,-10.39,7.5
509,2222,-11,-8,69,71271,2,2,2,812,-9.53,8
510,2507,-10,-8,809,71112,2,5,0,907,-8.66,8.5
511,2430,-9,-9,980,71163,2,4,3,891,-7.79,9
512,2432,-8,-9,2311,71163,2,4,3,893,-6.93,9.5
513,2637,-7,-10,1235,71086,2,6,3,970,-6.06,10
514,2620,-6,-10,403,71154,2,6,2,954,-5.2,10.5
515,2622,-5,-11,742,71154,2,6,2,956,-4.33,11
516,2827,-4,-11,1727,71164,2,8,2,1033,-3.46,11.5
517,2810,-3,-12,658,71281,2,8,1,1017,-2.6,12
518,2812,-2,-12,489,71281,2,8,1,1019,-1.73,12.5
519,2937,-1,-13,298,71134,2,9,3,1078,-0.87,13
520,2920,0,-13,74,71229,2,9,2,1062,0,13.5
521,2938,1,-13,395,71134,2,9,3,1079,0.87,13
522,3221,2,-12,2308,71269,3,2,2,1171,1.73,12.5
523,3220,3,-12,1940,71269,3,2,2,1170,2.6,12
524,3238,4,-11,1647,71138,3,2,3,1187,3.46,11.5
525,3321,5,-11,758,71198,3,3,2,1207,4.33,11
526,3320,6,-10,1761,71198,3,3,2,1206,5.2,10.5
527,3338,7,-10,719,71144,3,3,3,1223,6.06,10
528,3521,8,-9,1977,71171,3,5,2,1279,6.93,9.5
529,3520,9,-9,1635,71171,3,5,2,1278,7.79,9
530,3538,10,-8,994,71104,3,5,3,1295,8.66,8.5
531,3621,11,-8,603,71301,3,6,2,1315,9.53,8
532,3620,12,-7,404,71301,3,6,2,1314,10.39,7.5
533,3638,13,-7,1003,71225,3,6,3,1331,11.26,7
534,3635,13,-6,631,71225,3,6,3,1328,11.26,6
535,3632,13,-5,963,71098,3,6,3,1325,11.26,5
536,3428,13,-4,824,71101,3,4,2,1250,11.26,4
537,3425,13,-3,832,71101,3,4,2,1247,11.26,3
538,3422,13,-2,1673,71202,3,4,2,1244,11.26,2
539,538,13,-1,1739,71149,0,5,3,215,11.26,1
540,535,13,0,1323,71149,0,5,3,212,11.26,0
541,532,13,1,955,71145,0,5,3,209,11.26,-1
542,338,13,2,833,71118,0,3,3,143,11.26,-2
543,335,13,3,372,71118,0,3,3,140,11.26,-3
544,332,13,4,1730,71148,0,3,3,137,11.26,-4
545,238,13,5,127,71131,0,2,3,107,11.26,-5
546,235,13,6,971,71131,0,2,3,104,11.26,-6
547,232,13,7,300,71107,0,2,3,101,11.26,-7
548,230,12,8,749,71107,0,2,3,99,10.39,-7.5
549,227,11,8,1974,71268,0,2,2,97,9.53,-8
550,502,10,9,1218,71149,0,5,0,182,8.66,-8.5
551,500,9,9,1074,71149,0,5,0,180,7.79,-9
552,437,8,10,1610,71263,0,4,3,178,6.93,-9.5
553,632,7,10,736,71171,0,6,3,245,6.06,-10
554,630,6,11,286,71171,0,6,3,243,5.2,-10.5
555,627,5,11,1655,71288,0,6,2,241,4.33,-11
556,822,4,12,133,71.22,0,8,2,308,3.46,-11.5
557,820,3,12,712,71.22,0,8,2,306,2.6,-12
558,817,2,13,291,71202,0,8,1,304,1.73,-12.5
559,922,1,13,757,71243,0,9,2,344,0.87,-13
560,920,0,14,854,71243,0,9,2,342,0,-13.5
561,921,-1,13,964,71243,0,9,2,343,-0.87,-13
562,1228,-2,13,1752,71293,1,2,2,458,-1.73,-12.5
563,1230,-3,12,405,71119,1,2,3,459,-2.6,-12
564,1231,-4,12,413,71119,1,2,3,460,-3.46,-11.5
565,1328,-5,11,656,71244,1,3,2,494,-4.33,-11
566,1330,-6,11,352,71116,1,3,3,495,-5.2,-10.5
567,1331,-7,10,838,71116,1,3,3,496,-6.06,-10
568,1528,-8,10,709,71268,1,5,2,566,-6.93,-9.5
569,1530,-9,9,983,71145,1,5,3,567,-7.79,-9
570,1531,-10,9,1122,71145,1,5,3,568,-8.66,-8.5
571,1628,-11,8,1925,71288,1,6,2,602,-9.53,-8
572,1630,-12,8,390,71213,1,6,3,603,-10.39,-7.5
573,1631,-13,7,280,71213,1,6,3,604,-11.26,-7
574,1738,-14,7,454,71294,1,7,3,647,-12.12,-6.5
575,1802,-14,6,501,71358,1,8,0,650,-12.12,-5.5
576,1805,-14,5,725,71644,1,8,0,653,-12.12,-4.5
577,1808,-14,4,1215,71644,1,8,0,656,-12.12,-3.5
578,1812,-14,3,68,71316,1,8,1,659,-12.12,-2.5
579,1815,-14,2,1947,71341,1,8,1,662,-12.12,-1.5
580,1818,-14,1,589,71341,1,8,1,665,-12.12,-0.5
581,2332,-14,0,1064,71267,2,3,3,857,-12.12,0.5
582,2335,-14,-1,1350,71.32,2,3,3,860,-12.12,1.5
583,2338,-14,-2,144,71.32,2,3,3,863,-12.12,2.5
584,2312,-14,-3,1616,71277,2,3,1,839,-12.12,3.5
585,2315,-14,-4,1911,71305,2,3,1,842,-12.12,4.5
586,2318,-14,-5,9,71305,2,3,1,845,-12.12,5.5
587,2302,-14,-6,1709,71339,2,3,0,830,-12.12,6.5
588,2305,-14,-7,1950,71285,2,3,0,833,-12.12,7.5
589,2221,-13,-8,18,71271,2,2,2,811,-11.26,8
590,2223,-12,-8,669,71271,2,2,2,813,-10.39,8.5
591,2225,-11,-9,1152,71304,2,2,2,815,-9.53,9
592,2431,-10,-9,1222,71163,2,4,3,892,-8.66,9.5
593,2433,-9,-10,587,71163,2,4,3,894,-7.79,10
594,2435,-8,-10,685,71177,2,4,3,896,-6.93,10.5
595,2621,-7,-11,642,71154,2,6,2,955,-6.06,11
596,2623,-6,-11,750,71154,2,6,2,957,-5.2,11.5
597,2625,-5,-12,1204,71168,2,6,2,959,-4.33,12
598,2811,-4,-12,661,71281,2,8,1,1018,-3.46,12.5
599,2813,-3,-13,645,71281,2,8,1,1020,-2.6,13
600,2815,-2,-13,1035,71.25,2,8,1,1022,-1.73,13.5
601,2921,-1,-14,1900,71229,2,9,2,1063,-0.87,14
602,2923,0,-14,492,71229,2,9,2,1065,0,14.5
603,2922,1,-14,488,71229,2,9,2,1064,0.87,14
604,3224,2,-13,733,71241,3,2,2,1174,1.73,13.5
605,3223,3,-13,1216,71269,3,2,2,1173,2.6,13
606,3222,4,-12,27,71269,3,2,2,1172,3.46,12.5
607,3324,5,-12,293,71178,3,3,2,1210,4.33,12
608,3323,6,-11,1936,71198,3,3,2,1209,5.2,11.5
609,3322,7,-11,697,71198,3,3,2,1208,6.06,11
610,3524,8,-10,621,71113,3,5,2,1282,6.93,10.5
611,3523,9,-10,615,71171,3,5,2,1281,7.79,10
612,3522,10,-9,382,71171,3,5,2,1280,8.66,9.5
613,3624,11,-9,1314,71276,3,6,2,1318,9.53,9
614,3623,12,-8,1295,71301,3,6,2,1317,10.39,8.5
615,3622,13,-8,653,71301,3,6,2,1316,11.26,8
616,3734,14,-7,137,71256,3,7,3,1363,12.12,7.5
617,3731,14,-6,1380,71256,3,7,3,1360,12.12,6.5
618,3807,14,-5,1261,71037,3,8,0,1375,12.12,5.5
619,3804,14,-4,1054,71037,3,8,0,1372,12.12,4.5
620,3801,14,-3,1821,71031,3,8,0,1369,12.12,3.5
621,3817,14,-2,2315,71004,3,8,1,1384,12.12,2.5
622,3814,14,-1,2312,71004,3,8,1,1381,12.12,1.5
623,3811,14,0,1219,71005,3,8,1,1378,12.12,0.5
624,327,14,1,297,71201,0,3,2,133,12.12,-0.5
625,324,14,2,1148,71201,0,3,2,130,12.12,-1.5
626,321,14,3,666,71201,0,3,2,127,12.12,-2.5
627,317,14,4,1357,71246,0,3,1,124,12.12,-3.5
628,314,14,5,686,71246,0,3,1,121,12.12,-4.5
629,311,14,6,1146,71256,0,3,1,118,12.12,-5.5
630,307,14,7,140,71.28,0,3,0,115,12.12,-6.5
631,304,14,8,1754,71.28,0,3,0,112,12.12,-7.5
632,228,13,8,393,71268,0,2,2,98,11.26,-8
633,226,12,9,1845,71268,0,2,2,96,10.39,-8.5
634,224,11,9,958,71268,0,2,2,94,9.53,-9
635,438,10,10,22,71263,0,4,3,179,8.66,-9.5
636,436,9,10,1373,71263,0,4,3,177,7.79,-10
637,434,8,11,379,71263,0,4,3,175,6.93,-10.5
638,628,7,11,1656,71288,0,6,2,242,6.06,-11
639,626,6,12,1365,71288,0,6,2,240,5.2,-11.5
640,624,5,12,1652,71288,0,6,2,238,4.33,-12
641,818,4,13,500,71202,0,8,1,305,3.46,-12.5
642,816,3,13,121,71202,0,8,1,303,2.6,-13
643,814,2,14,1208,71202,0,8,1,301,1.73,-13.5
644,908,1,14,573,71402,0,9,0,332,0.87,-14
645,906,0,15,539,71402,0,9,0,330,0,-14.5
646,907,-1,14,566,71402,0,9,0,331,-0.87,-14
647,1225,-2,14,328,71293,1,2,2,455,-1.73,-13.5
648,1226,-3,13,213,71293,1,2,2,456,-2.6,-13
649,1227,-4,13,1903,71293,1,2,2,457,-3.46,-12.5
650,1325,-5,12,855,71244,1,3,2,491,-4.33,-12
651,1326,-6,12,1355,71244,1,3,2,492,-5.2,-11.5
652,1327,-7,11,1358,71244,1,3,2,493,-6.06,-11
653,1525,-8,11,677,71268,1,5,2,563,-6.93,-10.5
654,1526,-9,10,24,71268,1,5,2,564,-7.79,-10
655,1527,-10,10,1124,71268,1,5,2,565,-8.66,-9.5
656,1625,-11,9,1067,71288,1,6,2,599,-9.53,-9
657,1626,-12,9,1710,71288,1,6,2,600,-10.39,-8.5
658,1627,-13,8,688,71288,1,6,2,601,-11.26,-8
659,1735,-14,8,1908,71294,1,7,3,644,-12.12,-7.5
660,1736,-15,7,1066,71294,1,7,3,645,-12.99,-7
661,1800,-15,6,366,71358,1,8,0,648,-12.99,-6
662,1803,-15,5,44,71358,1,8,0,651,-12.99,-5
663,1806,-15,4,746,71644,1,8,0,654,-12.99,-4
664,1810,-15,3,407,71316,1,8,1,657,-12.99,-3
665,1813,-15,2,1630,71316,1,8,1,660,-12.99,-2
666,1816,-15,1,2317,71341,1,8,1,663,-12.99,-1
667,2330,-15,0,592,71267,2,3,3,855,-12.99,0
668,2333,-15,-1,2316,71267,2,3,3,858,-12.99,1
669,2336,-15,-2,1753,71.32,2,3,3,861,-12.99,2
670,2310,-15,-3,593,71277,2,3,1,837,-12.99,3
671,2313,-15,-4,1633,71277,2,3,1,840,-12.99,4
672,2316,-15,-5,2309,71305,2,3,1,843,-12.99,5
673,2300,-15,-6,1363,71339,2,3,0,828,-12.99,6
674,2303,-15,-7,1881,71339,2,3,0,831,-12.99,7
675,2306,-15,-8,502,71285,2,3,0,834,-12.99,8
676,2308,-14,-8,507,71285,2,3,0,836,-12.12,8.5
677,2224,-13,-9,698,71304,2,2,2,814,-11.26,9
678,2226,-12,-9,1672,71304,2,2,2,816,-10.39,9.5
679,2228,-11,-10,260,71304,2,2,2,818,-9.53,10
680,2434,-10,-10,678,71177,2,4,3,895,-8.66,10.5
681,2436,-9,-11,975,71177,2,4,3,897,-7.79,11
682,2438,-8,-11,1339,71177,2,4,3,899,-6.93,11.5
683,2624,-7,-12,1150,71168,2,6,2,958,-6.06,12
684,2626,-6,-12,1340,71168,2,6,2,960,-5.2,12.5
685,2628,-5,-13,674,71168,2,6,2,962,-4.33,13
686,2814,-4,-13,1025,71.25,2,8,1,1021,-3.46,13.5
687,2816,-3,-14,1041,71.25,2,8,1,1023,-2.6,14
688,2818,-2,-14,1145,71.25,2,8,1,1025,-1.73,14.5
689,2924,-1,-15,510,71263,2,9,2,1066,-0.87,15
690,2926,0,-15,704,71263,2,9,2,1068,0,15.5
691,2925,1,-15,517,71263,2,9,2,1067,0.87,15
692,3227,2,-14,1205,71241,3,2,2,1177,1.73,14.5
693,3226,3,-14,1142,71241,3,2,2,1176,2.6,14
694,3225,4,-13,960,71241,3,2,2,1175,3.46,13.5
695,3327,5,-13,1946,71178,3,3,2,1213,4.33,13
696,3326,6,-12,583,71178,3,3,2,1212,5.2,12.5
697,3325,7,-12,579,71178,3,3,2,1211,6.06,12
698,3527,8,-11,619,71113,3,5,2,1285,6.93,11.5
699,3526,9,-11,1966,71113,3,5,2,1284,7.79,11
700,3525,10,-10,84,71113,3,5,2,1283,8.66,10.5
701,3627,11,-10,672,71276,3,6,2,1321,9.53,10
702,3626,12,-9,1783,71276,3,6,2,1320,10.39,9.5
703,3625,13,-9,1614,71276,3,6,2,1319,11.26,9
704,3737,14,-8,633,71256,3,7,3,1366,12.12,8.5
705,3736,15,-8,585,71256,3,7,3,1365,12.99,8
706,3733,15,-7,20,71256,3,7,3,1362,12.99,7
707,3730,15,-6,508,71256,3,7,3,1359,12.99,6
708,3806,15,-5,1939,71037,3,8,0,1374,12.99,5
709,3803,15,-4,1151,71031,3,8,0,1371,12.99,4
710,3800,15,-3,1125,71031,3,8,0,1368,12.99,3
711,3816,15,-2,967,71004,3,8,1,1383,12.99,2
712,3813,15,-1,1620,71005,3,8,1,1380,12.99,1
713,3810,15,0,1120,71005,3,8,1,1377,12.99,0
714,326,15,1,289,71201,0,3,2,132,12.99,-1
715,323,15,2,650,71201,0,3,2,129,12.99,-2
716,320,15,3,2305,71201,0,3,2,126,12.99,-3
717,316,15,4,1134,71246,0,3,1,123,12.99,-4
718,313,15,5,100,71256,0,3,1,120,12.99,-5
719,310,15,6,10,71256,0,3,1,117,12.99,-6
720,306,15,7,30,71.28,0,3,0,114,12.99,-7
721,303,15,8,1629,71266,0,3,0,111,12.99,-8
722,301,14,9,118,71266,0,3,0,109,12.12,-8.5
723,225,13,9,1068,71268,0,2,2,95,11.26,-9
724,223,12,10,52,71288,0,2,2,93,10.39,-9.5
725,221,11,10,565,71288,0,2,2,91,9.53,-10
726,435,10,11,1040,71263,0,4,3,176,8.66,-10.5
727,433,9,11,1956,71235,0,4,3,174,7.79,-11
728,431,8,12,1000,71235,0,4,3,172,6.93,-11.5
729,625,7,12,584,71288,0,6,2,239,6.06,-12
730,623,6,13,1648,71.25,0,6,2,237,5.2,-12.5
731,621,5,13,1615,71.25,0,6,2,235,4.33,-13
732,815,4,14,92,71202,0,8,1,302,3.46,-13.5
733,813,3,14,1036,71235,0,8,1,300,2.6,-14
734,811,2,15,476,71235,0,8,1,298,1.73,-14.5
735,905,1,15,480,71402,0,9,0,329,0.87,-15
736,903,0,16,360,71377,0,9,0,327,0,-15.5
737,904,-1,15,464,71402,0,9,0,328,-0.87,-15
738,1222,-2,15,1055,71216,1,2,2,452,-1.73,-14.5
739,1223,-3,14,1668,71216,1,2,2,453,-2.6,-14
740,1224,-4,14,1915,71293,1,2,2,454,-3.46,-13.5
741,1322,-5,13,374,71242,1,3,2,488,-4.33,-13
742,1323,-6,13,570,71242,1,3,2,489,-5.2,-12.5
743,1324,-7,12,1049,71244,1,3,2,490,-6.06,-12
744,1522,-8,12,2306,71.3,1,5,2,560,-6.93,-11.5
745,1523,-9,11,2307,71.3,1,5,2,561,-7.79,-11
746,1524,-10,11,700,71268,1,5,2,562,-8.66,-10.5
747,1622,-11,10,1613,71284,1,6,2,596,-9.53,-10
748,1623,-12,10,477,71284,1,6,2,597,-10.39,-9.5
749,1624,-13,9,610,71288,1,6,2,598,-11.26,-9
750,1732,-14,9,1863,71304,1,7,3,641,-12.12,-8.5
751,1733,-15,8,1864,71304,1,7,3,642,-12.99,-8
752,1734,-16,8,1892,71294,1,7,3,643,-13.86,-7.5
753,1737,-16,7,394,71294,1,7,3,646,-13.86,-6.5
754,1801,-16,6,409,71358,1,8,0,649,-13.86,-5.5
755,1804,-16,5,141,71644,1,8,0,652,-13.86,-4.5
756,1807,-16,4,1138,71644,1,8,0,655,-13.86,-3.5
757,1811,-16,3,607,71316,1,8,1,658,-13.86,-2.5
758,1814,-16,2,1661,71341,1,8,1,661,-13.86,-1.5
759,1817,-16,1,1226,71341,1,8,1,664,-13.86,-0.5
760,2331,-16,0,591,71267,2,3,3,856,-13.86,0.5
761,2334,-16,-1,1149,71.32,2,3,3,859,-13.86,1.5
762,2337,-16,-2,648,71.32,2,3,3,862,-13.86,2.5
763,2311,-16,-3,1140,71277,2,3,1,838,-13.86,3.5
764,2314,-16,-4,1686,71305,2,3,1,841,-13.86,4.5
765,2317,-16,-5,1027,71305,2,3,1,844,-13.86,5.5
766,2301,-16,-6,1379,71339,2,3,0,829,-13.86,6.5
767,2304,-16,-7,324,71285,2,3,0,832,-13.86,7.5
768,2307,-16,-8,504,71285,2,3,0,835,-13.86,8.5
769,2100,-15,-9,259,71403,2,1,0,756,-12.99,9
770,2102,-14,-9,534,71403,2,1,0,758,-12.12,9.5
771,2227,-13,-10,279,71304,2,2,2,817,-11.26,10
772,2200,-12,-10,1237,71381,2,2,0,792,-10.39,10.5
773,2202,-11,-11,1299,71381,2,2,0,794,-9.53,11
774,2437,-10,-11,1114,71177,2,4,3,898,-8.66,11.5
775,2420,-9,-12,620,71.32,2,4,2,882,-7.79,12
776,2422,-8,-12,1115,71.32,2,4,2,884,-6.93,12.5
777,2627,-7,-13,380,71168,2,6,2,961,-6.06,13
778,2610,-6,-13,460,71272,2,6,1,945,-5.2,13.5
779,2612,-5,-14,377,71272,2,6,1,947,-4.33,14
780,2817,-4,-14,664,71.25,2,8,1,1024,-3.46,14.5
781,2800,-3,-15,1814,71402,2,8,0,1008,-2.6,15
782,2802,-2,-15,515,71402,2,8,0,1010,-1.73,15.5
783,2927,-1,-16,1057,71263,2,9,2,1069,-0.87,16
784,2900,0,-16,234,71435,2,9,0,1044,0,16.5
785,2928,1,-16,1078,71263,2,9,2,1070,0.87,16
786,3211,2,-15,729,71343,3,2,1,1162,1.73,15.5
787,3210,3,-15,80,71343,3,2,1,1161,2.6,15
788,3228,4,-14,1891,71241,3,2,2,1178,3.46,14.5
789,3311,5,-14,1313,71358,3,3,1,1198,4.33,14
790,3310,6,-13,1256,71358,3,3,1,1197,5.2,13.5
791,3328,7,-13,623,71178,3,3,2,1214,6.06,13
792,3511,8,-12,1291,71233,3,5,1,1270,6.93,12.5
793,3510,9,-12,1257,71233,3,5,1,1269,7.79,12
794,3528,10,-11,1223,71113,3,5,2,1286,8.66,11.5
795,3611,11,-11,475,71328,3,6,1,1306,9.53,11
796,3610,12,-10,72,71328,3,6,1,1305,10.39,10.5
797,3628,13,-10,717,71276,3,6,2,1322,11.26,10
798,3711,14,-9,70,71439,3,7,1,1342,12.12,9.5
799,3710,15,-9,1914,71439,3,7,1,1341,12.99,9
800,3738,16,-8,692,71256,3,7,3,1367,13.86,8.5
801,3735,16,-7,281,71256,3,7,3,1364,13.86,7.5
802,3732,16,-6,1751,71256,3,7,3,1361,13.86,6.5
803,3808,16,-5,278,71037,3,8,0,1376,13.86,5.5
804,3805,16,-4,1926,71037,3,8,0,1373,13.86,4.5
805,3802,16,-3,1830,71031,3,8,0,1370,13.86,3.5
806,3818,16,-2,1742,71004,3,8,1,1385,13.86,2.5
807,3815,16,-1,640,71004,3,8,1,1382,13.86,1.5
808,3812,16,0,1296,71005,3,8,1,1379,13.86,0.5
809,328,16,1,388,71201,0,3,2,134,13.86,-0.5
810,325,16,2,1671,71201,0,3,2,131,13.86,-1.5
811,322,16,3,2314,71201,0,3,2,128,13.86,-2.5
812,318,16,4,2310,71246,0,3,1,125,13.86,-3.5
813,315,16,5,1039,71246,0,3,1,122,13.86,-4.5
814,312,16,6,487,71256,0,3,1,119,13.86,-5.5
815,308,16,7,754,71.28,0,3,0,116,13.86,-6.5
816,305,16,8,1823,71.28,0,3,0,113,13.86,-7.5
817,302,16,9,655,71266,0,3,0,110,13.86,-8.5
818,300,15,9,1292,71266,0,3,0,108,12.99,-9
819,107,14,10,1748,71.43,0,1,0,43,12.12,-9.5
820,222,13,10,26,71288,0,2,2,92,11.26,-10
821,220,12,11,1651,71288,0,2,2,90,10.39,-10.5
822,207,11,11,745,71359,0,2,0,79,9.53,-11
823,432,10,12,1813,71235,0,4,3,173,8.66,-11.5
824,430,9,12,599,71235,0,4,3,171,7.79,-12
825,427,8,13,1770,71364,0,4,2,169,6.93,-12.5
826,622,7,13,1624,71.25,0,6,2,236,6.06,-13
827,620,6,14,766,71.25,0,6,2,234,5.2,-13.5
828,617,5,14,1282,71413,0,6,1,232,4.33,-14
829,812,4,15,490,71235,0,8,1,299,3.46,-14.5
830,810,3,15,396,71235,0,8,1,297,2.6,-15
831,807,2,16,1889,71416,0,8,0,295,1.73,-15.5
832,902,1,16,333,71377,0,9,0,326,0.87,-16
833,900,0,17,470,71377,0,9,0,324,0,-16.5
834,901,-1,16,479,71377,0,9,0,325,-0.87,-16
835,1218,-2,16,385,71243,1,2,1,449,-1.73,-15.5
836,1220,-3,15,568,71216,1,2,2,450,-2.6,-15
837,1221,-4,15,1030,71216,1,2,2,451,-3.46,-14.5
838,1318,-5,14,1284,71373,1,3,1,485,-4.33,-14
839,1320,-6,14,1697,71242,1,3,2,486,-5.2,-13.5
840,1321,-7,13,341,71242,1,3,2,487,-6.06,-13
841,1518,-8,13,577,71373,1,5,1,557,-6.93,-12.5
842,1520,-9,12,1948,71.3,1,5,2,558,-7.79,-12
843,1521,-10,12,2304,71.3,1,5,2,559,-8.66,-11.5
844,1618,-11,11,1371,71405,1,6,1,593,-9.53,-11
845,1620,-12,11,525,71284,1,6,2,594,-10.39,-10.5
846,1621,-13,10,614,71284,1,6,2,595,-11.26,-10
847,1718,-14,10,1928,71.38,1,7,1,629,-12.12,-9.5
848,1730,-15,9,846,71304,1,7,3,639,-12.99,-9
849,1731,-16,9,1080,71304,1,7,3,640,-13.86,-8.5
850,1728,-17,8,761,71517,1,7,2,638,-14.72,-8
851,1912,-17,7,710,71495,1,9,1,695,-14.72,-7
852,1915,-17,6,1319,71486,1,9,1,698,-14.72,-6
853,1918,-17,5,1781,71486,1,9,1,701,-14.72,-5
854,1822,-17,4,737,71393,1,8,2,668,-14.72,-4
855,1825,-17,3,1901,71477,1,8,2,671,-14.72,-3
856,1828,-17,2,1352,71477,1,8,2,674,-14.72,-2
857,1832,-17,1,1249,71373,1,8,3,677,-14.72,-1
858,1835,-17,0,1917,71407,1,8,3,680,-14.72,0
859,1838,-17,-1,142,71407,1,8,3,683,-14.72,1
860,2032,-17,-2,115,71393,2,0,3,749,-14.72,2
861,2035,-17,-3,1927,71384,2,0,3,752,-14.72,3
862,2038,-17,-4,391,71384,2,0,3,755,-14.72,4
863,2022,-17,-5,1305,71396,2,0,2,740,-14.72,5
864,2025,-17,-6,1808,71392,2,0,2,743,-14.72,6
865,2028,-17,-7,1875,71392,2,0,2,746,-14.72,7
866,2121,-17,-8,1807,71444,2,1,2,775,-14.72,8
867,2123,-17,-9,1945,71444,2,1,2,777,-14.72,9
868,2101,-16,-9,370,71403,2,1,0,757,-13.86,9.5
869,2103,-15,-10,540,71403,2,1,0,759,-12.99,10
870,2105,-14,-10,713,71459,2,1,0,761,-12.12,10.5
871,2201,-13,-11,1297,71381,2,2,0,793,-11.26,11
872,2203,-12,-11,1302,71381,2,2,0,795,-10.39,11.5
873,2205,-11,-12,1679,71399,2,2,0,797,-9.53,12
874,2421,-10,-12,1024,71.32,2,4,2,883,-8.66,12.5
875,2423,-9,-13,1938,71.32,2,4,2,885,-7.79,13
876,2425,-8,-13,1932,71363,2,4,2,887,-6.93,13.5
877,2611,-7,-14,362,71272,2,6,1,946,-6.06,14
878,2613,-6,-14,462,71272,2,6,1,948,-5.2,14.5
879,2615,-5,-15,580,71305,2,6,1,950,-4.33,15
880,2801,-4,-15,46,71402,2,8,0,1009,-3.46,15.5
881,2803,-3,-16,718,71402,2,8,0,1011,-2.6,16
882,2805,-2,-16,1312,71369,2,8,0,1013,-1.73,16.5
883,2901,-1,-17,1988,71435,2,9,0,1045,-0.87,17
884,2903,0,-17,231,71435,2,9,0,1047,0,17.5
885,2902,1,-17,85,71435,2,9,0,1046,0.87,17
886,3214,2,-16,1303,71347,3,2,1,1165,1.73,16.5
887,3213,3,-16,1240,71343,3,2,1,1164,2.6,16
888,3212,4,-15,756,71343,3,2,1,1163,3.46,15.5
889,3314,5,-15,1797,71329,3,3,1,1201,4.33,15
890,3313,6,-14,1793,71358,3,3,1,1200,5.2,14.5
891,3312,7,-14,1690,71358,3,3,1,1199,6.06,14
892,3514,8,-13,498,71303,3,5,1,1273,6.93,13.5
893,3513,9,-13,1866,71233,3,5,1,1272,7.79,13
894,3512,10,-12,1794,71233,3,5,1,1271,8.66,12.5
895,3614,11,-12,722,71418,3,6,1,1309,9.53,12
896,3613,12,-11,714,71328,3,6,1,1308,10.39,11.5
897,3612,13,-11,572,71328,3,6,1,1307,11.26,11
898,3714,14,-10,671,71261,3,7,1,1345,12.12,10.5
899,3713,15,-10,228,71439,3,7,1,1344,12.99,10
900,3712,16,-9,1232,71439,3,7,1,1343,13.86,9.5
901,3723,17,-9,1829,71385,3,7,2,1353,14.72,9
902,3721,17,-8,1362,71385,3,7,2,1351,14.72,8
903,3917,17,-7,1879,71.19,3,9,1,1420,14.72,7
904,3914,17,-6,1244,71.19,3,9,1,1417,14.72,6
905,3911,17,-5,523,71083,3,9,1,1414,14.72,5
906,3827,17,-4,1855,71101,3,8,2,1393,14.72,4
907,3824,17,-3,1069,71101,3,8,2,1390,14.72,3
908,3821,17,-2,518,71124,3,8,2,1387,14.72,2
909,3837,17,-1,47,70999,3,8,3,1402,14.72,1
910,3834,17,0,1707,70999,3,8,3,1399,14.72,0
911,3831,17,1,516,71077,3,8,3,1396,14.72,-1
912,37,17,2,1778,71343,0,0,3,34,14.72,-2
913,34,17,3,740,71343,0,0,3,31,14.72,-3
914,31,17,4,77,71332,0,0,3,28,14.72,-4
915,27,17,5,217,71409,0,0,2,25,14.72,-5
916,24,17,6,1877,71409,0,0,2,22,14.72,-6
917,21,17,7,1658,71371,0,0,2,19,14.72,-7
918,128,17,8,1886,71485,0,1,2,62,14.72,-8
919,126,17,9,1683,71485,0,1,2,60,14.72,-9
920,108,16,10,240,71.43,0,1,0,44,13.86,-9.5
921,106,15,10,1713,71.43,0,1,0,42,12.99,-10
922,104,14,11,131,71.43,0,1,0,40,12.12,-10.5
923,208,13,11,626,71359,0,2,0,80,11.26,-11
924,206,12,12,468,71359,0,2,0,78,10.39,-11.5
925,204,11,12,1777,71359,0,2,0,76,9.53,-12
926,428,10,13,181,71364,0,4,2,170,8.66,-12.5
927,426,9,13,1715,71364,0,4,2,168,7.79,-13
928,424,8,14,1685,71364,0,4,2,166,6.93,-13.5
929,618,7,14,1800,71413,0,6,1,233,6.06,-14
930,616,6,15,612,71413,0,6,1,231,5.2,-14.5
931,614,5,15,211,71413,0,6,1,229,4.33,-15
932,808,4,16,225,71416,0,8,0,296,3.46,-15.5
933,806,3,16,1884,71416,0,8,0,294,2.6,-16
934,804,2,17,41,71416,0,8,0,292,1.73,-16.5
935,918,1,17,1771,71515,0,9,1,341,0.87,-17
936,916,0,18,226,71515,0,9,1,339,0,-17.5
937,917,-1,17,400,71515,0,9,1,340,-0.87,-17
938,1215,-2,17,505,71243,1,2,1,446,-1.73,-16.5
939,1216,-3,16,647,71243,1,2,1,447,-2.6,-16
940,1217,-4,16,359,71243,1,2,1,448,-3.46,-15.5
941,1315,-5,15,1799,71373,1,3,1,482,-4.33,-15
942,1316,-6,15,1785,71373,1,3,1,483,-5.2,-14.5
943,1317,-7,14,1304,71373,1,3,1,484,-6.06,-14
944,1515,-8,14,469,71373,1,5,1,554,-6.93,-13.5
945,1516,-9,13,474,71373,1,5,1,555,-7.79,-13
946,1517,-10,13,564,71373,1,5,1,556,-8.66,-12.5
947,1615,-11,12,21,71405,1,6,1,590,-9.53,-12
948,1616,-12,12,1075,71405,1,6,1,591,-10.39,-11.5
949,1617,-13,11,1070,71405,1,6,1,592,-11.26,-11
950,1715,-14,11,1818,71.38,1,7,1,626,-12.12,-10.5
951,1716,-15,10,747,71.38,1,7,1,627,-12.99,-10
952,1717,-16,10,219,71.38,1,7,1,628,-13.86,-9.5
953,1726,-17,9,222,71517,1,7,2,636,-14.72,-9
954,1727,-18,9,262,71517,1,7,2,637,-15.59,-8.5
955,1910,-18,8,520,71495,1,9,1,693,-15.59,-7.5
956,1913,-18,7,1246,71495,1,9,1,696,-15.59,-6.5
957,1916,-18,6,1694,71486,1,9,1,699,-15.59,-5.5
958,1820,-18,5,1811,71393,1,8,2,666,-15.59,-4.5
959,1823,-18,4,1810,71393,1,8,2,669,-15.59,-3.5
960,1826,-18,3,1912,71477,1,8,2,672,-15.59,-2.5
961,1830,-18,2,461,71373,1,8,3,675,-15.59,-1.5
962,1833,-18,1,1812,71373,1,8,3,678,-15.59,-0.5
963,1836,-18,0,63,71407,1,8,3,681,-15.59,0.5
964,2030,-18,-1,59,71393,2,0,3,747,-15.59,1.5
965,2033,-18,-2,1868,71393,2,0,3,750,-15.59,2.5
966,2036,-18,-3,1931,71384,2,0,3,753,-15.59,3.5
967,2020,-18,-4,1234,71396,2,0,2,738,-15.59,4.5
968,2023,-18,-5,56,71396,2,0,2,741,-15.59,5.5
969,2026,-18,-6,1825,71392,2,0,2,744,-15.59,6.5
970,2120,-18,-7,1243,71444,2,1,2,774,-15.59,7.5
971,2122,-18,-8,229,71444,2,1,2,776,-15.59,8.5
972,2124,-18,-9,764,71472,2,1,2,778,-15.59,9.5
973,2125,-17,-10,1272,71472,2,1,2,779,-14.72,10
974,2104,-16,-10,596,71459,2,1,0,760,-13.86,10.5
975,2106,-15,-11,1878,71459,2,1,0,762,-12.99,11
976,2108,-14,-11,1896,71459,2,1,0,764,-12.12,11.5
977,2204,-13,-12,1353,71399,2,2,0,796,-11.26,12
978,2206,-12,-12,1693,71399,2,2,0,798,-10.39,12.5
979,2208,-11,-13,1857,71399,2,2,0,800,-9.53,13
980,2424,-10,-13,1905,71363,2,4,2,886,-8.66,13.5
981,2426,-9,-14,687,71363,2,4,2,888,-7.79,14
982,2428,-8,-14,485,71363,2,4,2,890,-6.93,14.5
983,2614,-7,-15,554,71305,2,6,1,949,-6.06,15
984,2616,-6,-15,618,71305,2,6,1,951,-5.2,15.5
985,2618,-5,-16,703,71305,2,6,1,953,-4.33,16
986,2804,-4,-16,1790,71369,2,8,0,1012,-3.46,16.5
987,2806,-3,-17,401,71369,2,8,0,1014,-2.6,17
988,2808,-2,-17,1263,71369,2,8,0,1016,-1.73,17.5
989,2911,-1,-18,1895,71155,2,9,1,1054,-0.87,18
990,2914,0,-18,8,71228,2,9,1,1057,0,18.5
991,2904,1,-18,258,71.43,2,9,0,1048,0.87,18
992,3217,2,-17,1848,71347,3,2,1,1168,1.73,17.5
993,3216,3,-17,1824,71347,3,2,1,1167,2.6,17
994,3215,4,-16,1374,71347,3,2,1,1166,3.46,16.5
995,3317,5,-16,484,71329,3,3,1,1204,4.33,16
996,3316,6,-15,663,71329,3,3,1,1203,5.2,15.5
997,3315,7,-15,1856,71329,3,3,1,1202,6.06,15
998,3517,8,-14,1076,71303,3,5,1,1276,6.93,14.5
999,3516,9,-14,730,71303,3,5,1,1275,7.79,14
1000,3515,10,-13,581,71303,3,5,1,1274,8.66,13.5
1001,3617,11,-13,630,71418,3,6,1,1312,9.53,13
1002,3616,12,-12,1861,71418,3,6,1,1311,10.39,12.5
1003,3615,13,-12,762,71418,3,6,1,1310,11.26,12
1004,3717,14,-11,104,71261,3,7,1,1348,12.12,11.5
1005,3716,15,-11,71,71261,3,7,1,1347,12.99,11
1006,3715,16,-10,1942,71261,3,7,1,1346,13.86,10.5
1007,3725,17,-10,45,71414,3,7,2,1355,14.72,10
1008,3724,18,-9,1916,71414,3,7,2,1354,15.59,9.5
1009,3722,18,-8,1773,71385,3,7,2,1352,15.59,8.5
1010,3720,18,-7,763,71385,3,7,2,1350,15.59,7.5
1011,3916,18,-6,109,71.19,3,9,1,1419,15.59,6.5
1012,3913,18,-5,721,71083,3,9,1,1416,15.59,5.5
1013,3910,18,-4,237,71083,3,9,1,1413,15.59,4.5
1014,3826,18,-3,1769,71101,3,8,2,1392,15.59,3.5
1015,3823,18,-2,679,71124,3,8,2,1389,15.59,2.5
1016,3820,18,-1,392,71124,3,8,2,1386,15.59,1.5
1017,3836,18,0,1834,70999,3,8,3,1401,15.59,0.5
1018,3833,18,1,406,71077,3,8,3,1398,15.59,-0.5
1019,3830,18,2,478,71077,3,8,3,1395,15.59,-1.5
1020,36,18,3,1368,71343,0,0,3,33,15.59,-2.5
1021,33,18,4,1876,71332,0,0,3,30,15.59,-3.5
1022,30,18,5,58,71332,0,0,3,27,15.59,-4.5
1023,26,18,6,238,71409,0,0,2,24,15.59,-5.5
1024,23,18,7,1258,71371,0,0,2,21,15.59,-6.5
1025,20,18,8,1839,71371,0,0,2,18,15.59,-7.5
1026,127,18,9,1883,71485,0,1,2,61,15.59,-8.5
1027,125,18,10,221,71485,0,1,2,59,15.59,-9.5
1028,124,17,10,1669,71485,0,1,2,58,14.72,-10
1029,105,16,11,1791,71.43,0,1,0,41,13.86,-10.5
1030,103,15,11,13,71.36,0,1,0,39,12.99,-11
1031,101,14,12,1869,71.36,0,1,0,37,12.12,-11.5
1032,205,13,12,1688,71359,0,2,0,77,11.26,-12
1033,203,12,13,1779,71357,0,2,0,75,10.39,-12.5
1034,201,11,13,1786,71357,0,2,0,73,9.53,-13
1035,425,10,14,1712,71364,0,4,2,167,8.66,-13.5
1036,423,9,14,1300,71366,0,4,2,165,7.79,-14
1037,421,8,15,1065,71366,0,4,2,163,6.93,-14.5
1038,615,7,15,588,71413,0,6,1,230,6.06,-15
1039,613,6,16,527,71382,0,6,1,228,5.2,-15.5
1040,611,5,16,95,71382,0,6,1,226,4.33,-16
1041,805,4,17,193,71416,0,8,0,293,3.46,-16.5
1042,803,3,17,15,71467,0,8,0,291,2.6,-17
1043,801,2,18,1937,71467,0,8,0,289,1.73,-17.5
1044,915,1,18,1841,71515,0,9,1,338,0.87,-18
1045,913,0,19,233,71543,0,9,1,336,0,-18.5
1046,914,-1,18,731,71515,0,9,1,337,-0.87,-18
1047,1212,-2,18,1276,71281,1,2,1,443,-1.73,-17.5
1048,1213,-3,17,576,71281,1,2,1,444,-2.6,-17
1049,1214,-4,17,325,71243,1,2,1,445,-3.46,-16.5
1050,1312,-5,16,1941,71359,1,3,1,479,-4.33,-16
1051,1313,-6,16,34,71359,1,3,1,480,-5.2,-15.5
1052,1314,-7,15,182,71373,1,3,1,481,-6.06,-15
1053,1512,-8,15,1882,71354,1,5,1,551,-6.93,-14.5
1054,1513,-9,14,1851,71354,1,5,1,552,-7.79,-14
1055,1514,-10,14,361,71373,1,5,1,553,-8.66,-13.5
1056,1612,-11,13,386,71406,1,6,1,587,-9.53,-13
1057,1613,-12,13,526,71406,1,6,1,588,-10.39,-12.5
1058,1614,-13,12,537,71405,1,6,1,589,-11.26,-12
1059,1712,-14,12,1262,71412,1,7,1,623,-12.12,-11.5
1060,1713,-15,11,1354,71412,1,7,1,624,-12.99,-11
1061,1714,-16,11,1364,71.38,1,7,1,625,-13.86,-10.5
1062,1724,-17,10,330,71517,1,7,2,634,-14.72,-10
1063,1725,-18,10,1318,71517,1,7,2,635,-15.59,-9.5
1064,1900,-19,9,257,71652,1,9,0,684,-16.45,-9
1065,1903,-19,8,1837,71652,1,9,0,687,-16.45,-8
1066,1911,-19,7,538,71495,1,9,1,694,-16.45,-7
1067,1914,-19,6,1311,71486,1,9,1,697,-16.45,-6
1068,1917,-19,5,1705,71486,1,9,1,700,-16.45,-5
1069,1821,-19,4,571,71393,1,8,2,667,-16.45,-4
1070,1824,-19,3,1802,71477,1,8,2,670,-16.45,-3
1071,1827,-19,2,1943,71477,1,8,2,673,-16.45,-2
1072,1831,-19,1,463,71373,1,8,3,676,-16.45,-1
1073,1834,-19,0,1910,71407,1,8,3,679,-16.45,0
1074,1837,-19,-1,97,71407,1,8,3,682,-16.45,1
1075,2031,-19,-2,66,71393,2,0,3,748,-16.45,2
1076,2034,-19,-3,1923,71384,2,0,3,751,-16.45,3
1077,2037,-19,-4,369,71384,2,0,3,754,-16.45,4
1078,2021,-19,-5,1245,71396,2,0,2,739,-16.45,5
1079,2024,-19,-6,1734,71392,2,0,2,742,-16.45,6
1080,2027,-19,-7,1852,71392,2,0,2,745,-16.45,7
1081,2134,-19,-8,1862,71354,2,1,3,787,-16.45,8
1082,2136,-19,-9,227,71354,2,1,3,789,-16.45,9
1083,2138,-19,-10,1922,71354,2,1,3,791,-16.45,10
1084,2126,-18,-10,1873,71472,2,1,2,780,-15.59,10.5
1085,2110,-17,-11,1239,71582,2,1,1,765,-14.72,11
1086,2107,-16,-11,1880,71459,2,1,0,763,-13.86,11.5
1087,2114,-15,-12,1843,71596,2,1,1,769,-12.99,12
1088,2115,-14,-12,329,71596,2,1,1,770,-12.12,12.5
1089,2207,-13,-13,1762,71399,2,2,0,799,-11.26,13
1090,2210,-12,-13,1283,71827,2,2,1,801,-10.39,13.5
1091,2212,-11,-14,1732,71827,2,2,1,803,-9.53,14
1092,2427,-10,-14,1689,71363,2,4,2,889,-8.66,14.5
1093,2412,-9,-15,978,70687,2,4,1,875,-7.79,15
1094,2400,-8,-15,1390,70957,2,4,0,864,-6.93,15.5
1095,2617,-7,-16,638,71305,2,6,1,952,-6.06,16
1096,2600,-6,-16,1061,70882,2,6,0,936,-5.2,16.5
1097,2602,-5,-17,1084,70882,2,6,0,938,-4.33,17
1098,2807,-4,-17,1898,71369,2,8,0,1015,-3.46,17.5
1099,2910,-3,-18,284,71155,2,9,1,1053,-2.6,18
1100,2912,-2,-18,625,71155,2,9,1,1055,-1.73,18.5
1101,2915,-1,-19,1079,71228,2,9,1,1058,-0.87,19
1102,2918,0,-19,28,71228,2,9,1,1061,0,19.5
1103,2916,1,-19,1043,71228,2,9,1,1059,0.87,19
1104,2906,2,-18,559,71.43,2,9,0,1050,1.73,18.5
1105,2905,3,-18,375,71.43,2,9,0,1049,2.6,18
1106,3218,4,-17,1867,71347,3,2,1,1169,3.46,17.5
1107,3201,5,-17,318,70783,3,2,0,1153,4.33,17
1108,3200,6,-16,783,70783,3,2,0,1152,5.2,16.5
1109,3318,7,-16,558,71329,3,3,1,1205,6.06,16
1110,3300,8,-15,820,71007,3,3,0,1188,6.93,15.5
1111,3500,9,-15,950,70762,3,5,0,1260,7.79,15
1112,3518,10,-14,410,71303,3,5,1,1277,8.66,14.5
1113,3601,11,-14,376,71394,3,6,0,1297,9.53,14
1114,3600,12,-13,1854,71394,3,6,0,1296,10.39,13.5
1115,3618,13,-13,1982,71418,3,6,1,1313,11.26,13
1116,3705,14,-12,786,70768,3,7,0,1337,12.12,12.5
1117,3704,15,-12,1199,70768,3,7,0,1336,12.99,12
1118,3718,16,-11,192,71261,3,7,1,1349,13.86,11.5
1119,3700,17,-11,851,70624,3,7,0,1332,14.72,11
1120,3726,18,-10,232,71414,3,7,2,1356,15.59,10.5
1121,3908,19,-10,113,71.1,3,9,0,1412,16.45,10
1122,3906,19,-9,1806,71.1,3,9,0,1410,16.45,9
1123,3904,19,-8,1872,71.1,3,9,0,1408,16.45,8
1124,3918,19,-7,1320,71.19,3,9,1,1421,16.45,7
1125,3915,19,-6,1803,71.19,3,9,1,1418,16.45,6
1126,3912,19,-5,604,71083,3,9,1,1415,16.45,5
1127,3828,19,-4,1865,71101,3,8,2,1394,16.45,4
1128,3825,19,-3,1741,71101,3,8,2,1391,16.45,3
1129,3822,19,-2,555,71124,3,8,2,1388,16.45,2
1130,3838,19,-1,253,70999,3,8,3,1403,16.45,1
1131,3835,19,0,1826,70999,3,8,3,1400,16.45,0
1132,3832,19,1,323,71077,3,8,3,1397,16.45,-1
1133,38,19,2,1798,71343,0,0,3,35,16.45,-2
1134,35,19,3,1231,71343,0,0,3,32,16.45,-3
1135,32,19,4,60,71332,0,0,3,29,16.45,-4
1136,28,19,5,270,71409,0,0,2,26,16.45,-5
1137,25,19,6,531,71409,0,0,2,23,16.45,-6
1138,22,19,7,214,71371,0,0,2,20,16.45,-7
1139,132,19,8,1744,71307,0,1,3,65,16.45,-8
1140,130,19,9,1361,71307,0,1,3,63,16.45,-9
1141,122,19,10,1281,71.47,0,1,2,56,16.45,-10
1142,121,18,11,367,71.47,0,1,2,55,15.59,-10.5
1143,118,17,11,1294,71122,0,1,1,53,14.72,-11
1144,102,16,12,1920,71.36,0,1,0,38,13.86,-11.5
1145,100,15,12,1874,71.36,0,1,0,36,12.99,-12
1146,113,14,13,148,71.14,0,1,1,48,12.12,-12.5
1147,202,13,13,1780,71357,0,2,0,74,11.26,-13
1148,200,12,14,705,71357,0,2,0,72,10.39,-13.5
1149,418,11,14,163,70975,0,4,1,161,9.53,-14
1150,422,10,15,1298,71366,0,4,2,164,8.66,-14.5
1151,420,9,15,706,71366,0,4,2,162,7.79,-15
1152,408,8,16,1836,71542,0,4,0,152,6.93,-15.5
1153,612,7,16,1847,71382,0,6,1,227,6.06,-16
1154,610,6,17,119,71382,0,6,1,225,5.2,-16.5
1155,608,5,17,578,71276,0,6,0,224,4.33,-17
1156,802,4,18,50,71467,0,8,0,290,3.46,-17.5
1157,800,3,18,1933,71467,0,8,0,288,2.6,-18
1158,603,2,19,81,71.29,0,6,0,219,1.73,-18.5
1159,912,1,19,1831,71543,0,9,1,335,0.87,-19
1160,910,0,20,106,71543,0,9,1,333,0,-19.5
1161,911,-1,19,269,71543,0,9,1,334,-0.87,-19
1162,1203,-2,19,1666,71479,1,2,0,435,-1.73,-18.5
1163,1210,-3,18,506,71281,1,2,1,441,-2.6,-18
1164,1211,-4,18,562,71281,1,2,1,442,-3.46,-17.5
1165,1208,-5,17,112,71473,1,2,0,440,-4.33,-17
1166,1310,-6,17,1788,71359,1,3,1,477,-5.2,-16.5
1167,1311,-7,16,1722,71359,1,3,1,478,-6.06,-16
1168,1308,-8,16,716,71501,1,3,0,476,-6.93,-15.5
1169,1510,-9,15,560,71354,1,5,1,549,-7.79,-15
1170,1511,-10,15,1871,71354,1,5,1,550,-8.66,-14.5
1171,1508,-11,14,784,71024,1,5,0,548,-9.53,-14
1172,1610,-12,14,1782,71406,1,6,1,585,-10.39,-13.5
1173,1611,-13,13,1721,71406,1,6,1,586,-11.26,-13
1174,1703,-14,13,617,71206,1,7,0,615,-12.12,-12.5
1175,1710,-15,12,186,71412,1,7,1,621,-12.99,-12
1176,1711,-16,12,755,71412,1,7,1,622,-13.86,-11.5
1177,1708,-17,11,998,71251,1,7,0,620,-14.72,-11
1178,1721,-18,11,62,71507,1,7,2,631,-15.59,-10.5
1179,1722,-19,10,203,71507,1,7,2,632,-16.45,-10
1180,1723,-20,10,266,71507,1,7,2,633,-17.32,-9.5
1181,1901,-20,9,1264,71652,1,9,0,685,-17.32,-8.5
1182,1904,-20,8,33,71.51,1,9,0,688,-17.32,-7.5
1183,1907,-20,7,110,71.51,1,9,0,691,-17.32,-6.5
1184,1927,-20,6,1356,71103,1,9,2,709,-17.32,-5.5
1185,1924,-20,5,996,71103,1,9,2,706,-17.32,-4.5
1186,1921,-20,4,795,71.19,1,9,2,703,-17.32,-3.5
1187,1937,-20,3,1827,71509,1,9,3,718,-17.32,-2.5
1188,1934,-20,2,223,71509,1,9,3,715,-17.32,-1.5
1189,1931,-20,1,5,71464,1,9,3,712,-17.32,-0.5
1190,2017,-20,0,1701,71468,2,0,1,736,-17.32,0.5
1191,2014,-20,-1,1842,71468,2,0,1,733,-17.32,1.5
1192,2011,-20,-2,267,71488,2,0,1,730,-17.32,2.5
1193,2007,-20,-3,987,71149,2,0,0,727,-17.32,3.5
1194,2004,-20,-4,992,71149,2,0,0,724,-17.32,4.5
1195,2001,-20,-5,242,71.14,2,0,0,721,-17.32,5.5
1196,2130,-20,-6,12,71288,2,1,3,783,-17.32,6.5
1197,2132,-20,-7,1796,71288,2,1,3,785,-17.32,7.5
1198,2135,-20,-8,622,71354,2,1,3,788,-17.32,8.5
1199,2137,-20,-9,748,71354,2,1,3,790,-17.32,9.5
1200,2127,-19,-11,1930,71472,2,1,2,781,-16.45,11
1201,2128,-18,-11,567,71472,2,1,2,782,-15.59,11.5
1202,2111,-17,-12,1260,71582,2,1,1,766,-14.72,12
1203,2112,-16,-12,1236,71582,2,1,1,767,-13.86,12.5
1204,2116,-15,-13,1835,71596,2,1,1,771,-12.99,13
1205,2118,-14,-13,1677,71596,2,1,1,773,-12.12,13.5
1206,2211,-13,-14,1745,71827,2,2,1,802,-11.26,14
1207,2213,-12,-14,1846,71827,2,2,1,804,-10.39,14.5
1208,2410,-11,-15,1098,70687,2,4,1,873,-9.53,15
1209,2411,-10,-15,1327,70687,2,4,1,874,-8.66,15.5
1210,2401,-9,-16,1383,70957,2,4,0,865,-7.79,16
1211,2402,-8,-16,1626,70957,2,4,0,866,-6.93,16.5
1212,2601,-7,-17,459,70882,2,6,0,937,-6.06,17
1213,2603,-6,-17,1095,70882,2,6,0,939,-5.2,17.5
1214,2604,-5,-18,1099,70913,2,6,0,940,-4.33,18
1215,2606,-4,-18,1105,70913,2,6,0,942,-3.46,18.5
1216,2913,-3,-19,276,71155,2,9,1,1056,-2.6,19
1217,2917,-2,-19,1034,71228,2,9,1,1060,-1.73,19.5
1218,2908,2,-19,1233,71.43,2,9,0,1052,1.73,19.5
1219,2907,3,-19,739,71.43,2,9,0,1051,2.6,19
1220,3205,4,-18,509,70838,3,2,0,1157,3.46,18.5
1221,3204,5,-18,1182,70838,3,2,0,1156,4.33,18
1222,3203,6,-17,196,70783,3,2,0,1155,5.2,17.5
1223,3202,7,-17,437,70783,3,2,0,1154,6.06,17
1224,3302,8,-16,889,71007,3,3,0,1190,6.93,16.5
1225,3301,9,-16,1625,71007,3,3,0,1189,7.79,16
1226,3502,10,-15,161,70762,3,5,0,1262,8.66,15.5
1227,3501,11,-15,1083,70762,3,5,0,1261,9.53,15
1228,3603,12,-14,368,71394,3,6,0,1299,10.39,14.5
1229,3602,13,-14,708,71394,3,6,0,1298,11.26,14
1230,3707,14,-13,945,70768,3,7,0,1339,12.12,13.5
1231,3706,15,-13,908,70768,3,7,0,1338,12.99,13
1232,3702,16,-12,770,70624,3,7,0,1334,13.86,12.5
1233,3701,17,-12,821,70624,3,7,0,1333,14.72,12
1234,3728,18,-11,215,71414,3,7,2,1358,15.59,11.5
1235,3727,19,-11,1817,71414,3,7,2,1357,16.45,11
1236,3907,20,-9,378,71.1,3,9,0,1411,17.32,9.5
1237,3905,20,-8,1766,71.1,3,9,0,1409,17.32,8.5
1238,3902,20,-7,1822,71085,3,9,0,1406,17.32,7.5
1239,3900,20,-6,701,71085,3,9,0,1404,17.32,6.5
1240,3922,20,-5,811,70939,3,9,2,1424,17.32,5.5
1241,3925,20,-4,147,70952,3,9,2,1427,17.32,4.5
1242,3928,20,-3,1063,70952,3,9,2,1430,17.32,3.5
1243,3932,20,-2,202,71244,3,9,3,1433,17.32,2.5
1244,3935,20,-1,39,71.19,3,9,3,1436,17.32,1.5
1245,3938,20,0,753,71.19,3,9,3,1439,17.32,0.5
1246,12,20,1,73,71.49,0,0,1,11,17.32,-0.5
1247,15,20,2,524,71415,0,0,1,14,17.32,-1.5
1248,18,20,3,723,71415,0,0,1,17,17.32,-2.5
1249,2,20,4,428,71055,0,0,0,2,17.32,-3.5
1250,5,20,5,888,71044,0,0,0,5,17.32,-4.5
1251,8,20,6,867,71044,0,0,0,8,17.32,-5.5
1252,136,20,7,194,71333,0,1,3,69,17.32,-6.5
1253,134,20,8,535,71333,0,1,3,67,17.32,-7.5
1254,131,20,9,634,71307,0,1,3,64,17.32,-8.5
1255,123,20,10,1665,71.47,0,1,2,57,17.32,-9.5
1256,120,19,11,1757,71.47,0,1,2,54,16.45,-11
1257,117,18,12,939,71122,0,1,1,52,15.59,-11.5
1258,116,17,12,248,71122,0,1,1,51,14.72,-12
1259,115,16,13,290,71122,0,1,1,50,13.86,-12.5
1260,112,15,13,847,71.14,0,1,1,47,12.99,-13
1261,218,14,14,602,71.25,0,2,1,89,12.12,-13.5
1262,217,13,14,1137,71.25,0,2,1,88,11.26,-14
1263,213,12,15,1045,71201,0,2,1,84,10.39,-14.5
1264,417,11,15,442,70975,0,4,1,160,9.53,-15
1265,416,10,16,171,70975,0,4,1,159,8.66,-15.5
1266,407,9,16,1691,71542,0,4,0,151,7.79,-16
1267,406,8,17,1315,71542,0,4,0,150,6.93,-16.5
1268,404,7,17,1255,71542,0,4,0,148,6.06,-17
1269,607,6,18,139,71276,0,6,0,223,5.2,-17.5
1270,606,5,18,486,71276,0,6,0,222,4.33,-18
1271,605,4,19,1207,71276,0,6,0,221,3.46,-18.5
1272,602,3,19,272,71.29,0,6,0,218,2.6,-19
1273,600,2,20,275,71.29,0,6,0,216,1.73,-19.5
1274,1201,-2,20,732,71479,1,2,0,433,-1.73,-19.5
1275,1202,-3,19,536,71479,1,2,0,434,-2.6,-19
1276,1205,-4,19,1253,71473,1,2,0,437,-3.46,-18.5
1277,1206,-5,18,1833,71473,1,2,0,438,-4.33,-18
1278,1207,-6,18,1850,71473,1,2,0,439,-5.2,-17.5
1279,1305,-7,17,268,71501,1,3,0,473,-6.06,-17
1280,1306,-8,17,1885,71501,1,3,0,474,-6.93,-16.5
1281,1307,-9,16,263,71501,1,3,0,475,-7.79,-16
1282,1506,-10,16,348,71024,1,5,0,546,-8.66,-15.5
1283,1507,-11,15,1395,71024,1,5,0,547,-9.53,-15
1284,1603,-12,15,1047,71249,1,6,0,579,-10.39,-14.5
1285,1607,-13,14,1141,71201,1,6,0,583,-11.26,-14
1286,1608,-14,14,741,71201,1,6,0,584,-12.12,-13.5
1287,1702,-15,13,1366,71206,1,7,0,614,-12.99,-13
1288,1705,-16,13,285,71251,1,7,0,617,-13.86,-12.5
1289,1706,-17,12,1117,71251,1,7,0,618,-14.72,-12
1290,1707,-18,12,931,71251,1,7,0,619,-15.59,-11.5
1291,1720,-19,11,1888,71507,1,7,2,630,-16.45,-11
1292,1902,-21,8,1853,71652,1,9,0,686,-18.19,-8
1293,1905,-21,7,49,71.51,1,9,0,689,-18.19,-7
1294,1908,-21,6,1859,71.51,1,9,0,692,-18.19,-6
1295,1926,-21,5,1273,71103,1,9,2,708,-18.19,-5
1296,1923,-21,4,966,71.19,1,9,2,705,-18.19,-4
1297,1920,-21,3,1251,71.19,1,9,2,702,-18.19,-3
1298,1936,-21,2,1310,71509,1,9,3,717,-18.19,-2
1299,1933,-21,1,103,71464,1,9,3,714,-18.19,-1
1300,1930,-21,0,1809,71464,1,9,3,711,-18.19,0
1301,2016,-21,-1,204,71468,2,0,1,735,-18.19,1
1302,2013,-21,-2,715,71488,2,0,1,732,-18.19,2
1303,2010,-21,-3,65,71488,2,0,1,729,-18.19,3
1304,2006,-21,-4,319,71149,2,0,0,726,-18.19,4
1305,2003,-21,-5,973,71.14,2,0,0,723,-18.19,5
1306,2000,-21,-6,114,71.14,2,0,0,720,-18.19,6
1307,2131,-21,-7,451,71288,2,1,3,784,-18.19,7
1308,2133,-21,-8,1058,71288,2,1,3,786,-18.19,8
1309,2113,-17,-13,1316,71582,2,1,1,768,-14.72,13
1310,2117,-16,-13,1254,71596,2,1,1,772,-13.86,13.5
1311,2214,-15,-14,1266,71576,2,2,1,805,-12.99,14
1312,2215,-14,-14,1660,71576,2,2,1,806,-12.12,14.5
1313,2217,-13,-15,1252,71576,2,2,1,808,-11.26,15
1314,2417,-12,-15,1062,70.75,2,4,1,880,-10.39,15.5
1315,2414,-11,-16,313,70.75,2,4,1,877,-9.53,16
1316,2413,-10,-16,928,70687,2,4,1,876,-8.66,16.5
1317,2403,-9,-17,495,70957,2,4,0,867,-7.79,17
1318,2405,-8,-17,818,71075,2,4,0,869,-6.93,17.5
1319,2407,-7,-18,1386,71075,2,4,0,871,-6.06,18
1320,2605,-6,-18,894,70913,2,6,0,941,-5.2,18.5
1321,2607,-5,-19,152,70913,2,6,0,943,-4.33,19
1322,2608,-4,-19,482,70913,2,6,0,944,-3.46,19.5
1323,3208,4,-19,1389,70838,3,2,0,1160,3.46,19.5
1324,3207,5,-19,1191,70838,3,2,0,1159,4.33,19
1325,3206,6,-18,882,70838,3,2,0,1158,5.2,18.5
1326,3306,7,-18,418,70993,3,3,0,1194,6.06,18
1327,3304,8,-17,836,70993,3,3,0,1192,6.93,17.5
1328,3303,9,-17,332,71007,3,3,0,1191,7.79,17
1329,3503,10,-16,895,70762,3,5,0,1263,8.66,16.5
1330,3505,11,-16,1173,70768,3,5,0,1265,9.53,16
1331,3504,12,-15,1094,70768,3,5,0,1264,10.39,15.5
1332,3606,13,-15,1755,71618,3,6,0,1302,11.26,15
1333,3605,14,-14,1746,71618,3,6,0,1301,12.12,14.5
1334,3604,15,-14,1308,71618,3,6,0,1300,12.99,14
1335,3708,16,-13,970,70768,3,7,0,1340,13.86,13.5
1336,3703,17,-13,897,70624,3,7,0,1335,14.72,13
1337,3903,21,-8,212,71085,3,9,0,1407,18.19,8
1338,3901,21,-7,452,71085,3,9,0,1405,18.19,7
1339,3920,21,-6,1004,70939,3,9,2,1422,18.19,6
1340,3923,21,-5,317,70939,3,9,2,1425,18.19,5
1341,3926,21,-4,1210,70952,3,9,2,1428,18.19,4
1342,3930,21,-3,724,71244,3,9,3,1431,18.19,3
1343,3933,21,-2,322,71244,3,9,3,1434,18.19,2
1344,3936,21,-1,1849,71.19,3,9,3,1437,18.19,1
1345,10,21,0,1819,71.49,0,0,1,9,18.19,0
1346,13,21,1,1935,71.49,0,0,1,12,18.19,-1
1347,16,21,2,23,71415,0,0,1,15,18.19,-2
1348,0,21,3,414,71055,0,0,0,0,18.19,-3
1349,3,21,4,417,71055,0,0,0,3,18.19,-4
1350,6,21,5,326,71044,0,0,0,6,18.19,-5
1351,138,21,6,184,71333,0,1,3,71,18.19,-6
1352,135,21,7,86,71333,0,1,3,68,18.19,-7
1353,133,21,8,1301,71307,0,1,3,66,18.19,-8
1354,114,17,13,292,71122,0,1,1,49,14.72,-13
1355,111,16,14,209,71.14,0,1,1,46,13.86,-13.5
1356,110,15,14,125,71.14,0,1,1,45,12.99,-14
1357,216,14,15,1118,71.25,0,2,1,87,12.12,-14.5
1358,212,13,15,252,71201,0,2,1,83,11.26,-15
1359,211,12,16,1306,71201,0,2,1,82,10.39,-15.5
1360,415,11,16,2293,70975,0,4,1,158,9.53,-16
1361,413,10,17,926,71077,0,4,1,156,8.66,-16.5
1362,405,9,17,1307,71542,0,4,0,149,7.79,-17
1363,403,8,18,1750,71501,0,4,0,147,6.93,-17.5
1364,402,7,18,255,71501,0,4,0,146,6.06,-18
1365,400,6,19,1241,71501,0,4,0,144,5.2,-18.5
1366,604,5,19,6,71276,0,6,0,220,4.33,-19
1367,601,4,20,371,71.29,0,6,0,217,3.46,-19.5
1368,1200,-4,20,254,71479,1,2,0,432,-3.46,-19.5
1369,1204,-5,19,1372,71473,1,2,0,436,-4.33,-19
1370,1301,-6,19,36,71494,1,3,0,469,-5.2,-18.5
1371,1302,-7,18,55,71494,1,3,0,470,-6.06,-18
1372,1303,-8,18,57,71494,1,3,0,471,-6.93,-17.5
1373,1304,-9,17,256,71501,1,3,0,472,-7.79,-17
1374,1503,-10,17,805,70982,1,5,0,543,-8.66,-16.5
1375,1505,-11,16,1387,71024,1,5,0,545,-9.53,-16
1376,1601,-12,16,277,71249,1,6,0,577,-10.39,-15.5
1377,1602,-13,15,294,71249,1,6,0,578,-11.26,-15
1378,1606,-14,15,4,71201,1,6,0,582,-12.12,-14.5
1379,1700,-15,14,1123,71206,1,7,0,612,-12.99,-14
1380,1701,-16,14,990,71206,1,7,0,613,-13.86,-13.5
1381,1704,-17,13,282,71251,1,7,0,616,-14.72,-13
1382,1928,-22,6,1952,71103,1,9,2,710,-19.05,-5.5
1383,1925,-22,5,1044,71103,1,9,2,707,-19.05,-4.5
1384,1922,-22,4,826,71.19,1,9,2,704,-19.05,-3.5
1385,1938,-22,3,48,71509,1,9,3,719,-19.05,-2.5
1386,1935,-22,2,224,71509,1,9,3,716,-19.05,-1.5
1387,1932,-22,1,90,71464,1,9,3,713,-19.05,-0.5
1388,2018,-22,0,107,71468,2,0,1,737,-19.05,0.5
1389,2015,-22,-1,1921,71468,2,0,1,734,-19.05,1.5
1390,2012,-22,-2,201,71488,2,0,1,731,-19.05,2.5
1391,2008,-22,-3,1112,71149,2,0,0,728,-19.05,3.5
1392,2005,-22,-4,250,71149,2,0,0,725,-19.05,4.5
1393,2002,-22,-5,586,71.14,2,0,0,722,-19.05,5.5
1394,2216,-15,-15,1659,71576,2,2,1,807,-12.99,15
1395,2218,-14,-15,1675,71576,2,2,1,809,-12.12,15.5
1396,2415,-13,-16,903,70.75,2,4,1,878,-11.26,16
1397,2416,-12,-16,1109,70.75,2,4,1,879,-10.39,16.5
1398,2418,-11,-17,512,70.75,2,4,1,881,-9.53,17
1399,2404,-10,-17,813,71075,2,4,0,868,-8.66,17.5
1400,2406,-9,-18,1128,71075,2,4,0,870,-7.79,18
1401,2408,-8,-18,823,71075,2,4,0,872,-6.93,18.5
1402,3308,8,-18,302,70993,3,3,0,1196,6.93,18.5
1403,3307,9,-18,412,70993,3,3,0,1195,7.79,18
1404,3305,10,-17,880,70993,3,3,0,1193,8.66,17.5
1405,3508,11,-17,891,70768,3,5,0,1268,9.53,17
1406,3507,12,-16,472,70768,3,5,0,1267,10.39,16.5
1407,3506,13,-16,205,70768,3,5,0,1266,11.26,16
1408,3608,14,-15,1838,71618,3,6,0,1304,12.12,15.5
1409,3607,15,-15,1763,71618,3,6,0,1303,12.99,15
1410,3921,22,-5,959,70939,3,9,2,1423,19.05,5.5
1411,3924,22,-4,962,70952,3,9,2,1426,19.05,4.5
1412,3927,22,-3,243,70952,3,9,2,1429,19.05,3.5
1413,3931,22,-2,1844,71244,3,9,3,1432,19.05,2.5
1414,3934,22,-1,399,71.19,3,9,3,1435,19.05,1.5
1415,3937,22,0,1749,71.19,3,9,3,1438,19.05,0.5
1416,11,22,1,1989,71.49,0,0,1,10,19.05,-0.5
1417,14,22,2,236,71415,0,0,1,13,19.05,-1.5
1418,17,22,3,707,71415,0,0,1,16,19.05,-2.5
1419,1,22,4,415,71055,0,0,0,1,19.05,-3.5
1420,4,22,5,1682,71044,0,0,0,4,19.05,-4.5
1421,7,22,6,639,71044,0,0,0,7,19.05,-5.5
1422,215,15,15,989,71.25,0,2,1,86,12.99,-15
1423,214,14,16,1221,71.25,0,2,1,85,12.12,-15.5
1424,210,13,16,993,71201,0,2,1,81,11.26,-16
1425,414,12,17,427,70975,0,4,1,157,10.39,-16.5
1426,412,11,17,311,71077,0,4,1,155,9.53,-17
1427,411,10,18,2290,71077,0,4,1,154,8.66,-17.5
1428,410,9,18,175,71077,0,4,1,153,7.79,-18
1429,401,8,19,40,71501,0,4,0,145,6.93,-18.5
1430,1300,-8,19,1760,71494,1,3,0,468,-6.93,-18.5
1431,1500,-9,18,792,70982,1,5,0,540,-7.79,-18
1432,1501,-10,18,207,70982,1,5,0,541,-8.66,-17.5
1433,1502,-11,17,347,70982,1,5,0,542,-9.53,-17
1434,1504,-12,17,1172,71024,1,5,0,544,-10.39,-16.5
1435,1600,-13,16,283,71249,1,6,0,576,-11.26,-16
1436,1604,-14,16,1111,71201,1,6,0,580,-12.12,-15.5
1437,1605,-15,15,122,71201,1,6,0,581,-12.99,-15
1438,137,22,7,1985,71333,0,1,3,70,19.05,-6.5
1439,1906,-22,7,235,71.51,1,9,0,690,-19.05,-6.5
